candidate_utc,fitted,observed_at_utc,qc_bad,raw,residual,source_time,station_id
2011-03-11T07:46:00Z,unknown,2011-03-11T07:31:00Z,False,1.631,unknown,2011-03-11 07:31,1617760
2011-03-11T07:46:00Z,unknown,2011-03-11T07:32:00Z,False,1.646,unknown,2011-03-11 07:32,1617760
2011-03-11T07:46:00Z,unknown,2011-03-11T07:33:00Z,False,1.64,unknown,2011-03-11 07:33,1617760
2011-03-11T07:46:00Z,unknown,2011-03-11T07:34:00Z,False,1.644,unknown,2011-03-11 07:34,1617760
2011-03-11T07:46:00Z,unknown,2011-03-11T07:35:00Z,False,1.651,unknown,2011-03-11 07:35,1617760
2011-03-11T07:46:00Z,unknown,2011-03-11T07:36:00Z,False,1.657,unknown,2011-03-11 07:36,1617760
2011-03-11T07:46:00Z,unknown,2011-03-11T07:37:00Z,False,1.656,unknown,2011-03-11 07:37,1617760
2011-03-11T07:46:00Z,unknown,2011-03-11T07:38:00Z,False,1.649,unknown,2011-03-11 07:38,1617760
2011-03-11T07:46:00Z,unknown,2011-03-11T07:39:00Z,False,1.654,unknown,2011-03-11 07:39,1617760
2011-03-11T07:46:00Z,unknown,2011-03-11T07:40:00Z,False,1.66,unknown,2011-03-11 07:40,1617760
2011-03-11T07:46:00Z,unknown,2011-03-11T07:41:00Z,False,1.656,unknown,2011-03-11 07:41,1617760
2011-03-11T07:46:00Z,unknown,2011-03-11T07:42:00Z,False,1.64,unknown,2011-03-11 07:42,1617760
2011-03-11T07:46:00Z,unknown,2011-03-11T07:43:00Z,False,1.657,unknown,2011-03-11 07:43,1617760
2011-03-11T07:46:00Z,unknown,2011-03-11T07:44:00Z,False,1.633,unknown,2011-03-11 07:44,1617760
2011-03-11T07:46:00Z,unknown,2011-03-11T07:45:00Z,False,1.639,unknown,2011-03-11 07:45,1617760
2011-03-11T07:46:00Z,unknown,2011-03-11T07:46:00Z,False,1.638,unknown,2011-03-11 07:46,1617760
2011-03-11T07:46:00Z,unknown,2011-03-11T07:47:00Z,False,1.632,unknown,2011-03-11 07:47,1617760
2011-03-11T07:46:00Z,unknown,2011-03-11T07:48:00Z,False,1.633,unknown,2011-03-11 07:48,1617760
2011-03-11T07:46:00Z,unknown,2011-03-11T07:49:00Z,False,1.611,unknown,2011-03-11 07:49,1617760
2011-03-11T07:46:00Z,unknown,2011-03-11T07:50:00Z,False,1.611,unknown,2011-03-11 07:50,1617760
2011-03-11T07:46:00Z,unknown,2011-03-11T07:51:00Z,False,1.632,unknown,2011-03-11 07:51,1617760
2011-03-11T07:46:00Z,unknown,2011-03-11T07:52:00Z,False,1.628,unknown,2011-03-11 07:52,1617760
2011-03-11T07:46:00Z,unknown,2011-03-11T07:53:00Z,False,1.625,unknown,2011-03-11 07:53,1617760
2011-03-11T07:46:00Z,unknown,2011-03-11T07:54:00Z,False,1.636,unknown,2011-03-11 07:54,1617760
2011-03-11T07:46:00Z,unknown,2011-03-11T07:55:00Z,False,1.624,unknown,2011-03-11 07:55,1617760
2011-03-11T07:46:00Z,unknown,2011-03-11T07:56:00Z,False,1.636,unknown,2011-03-11 07:56,1617760
2011-03-11T07:46:00Z,unknown,2011-03-11T07:57:00Z,False,1.644,unknown,2011-03-11 07:57,1617760
2011-03-11T07:46:00Z,unknown,2011-03-11T07:58:00Z,False,1.634,unknown,2011-03-11 07:58,1617760
2011-03-11T07:46:00Z,unknown,2011-03-11T07:59:00Z,False,1.644,unknown,2011-03-11 07:59,1617760
2011-03-11T07:46:00Z,unknown,2011-03-11T08:00:00Z,False,1.642,unknown,2011-03-11 08:00,1617760
2011-03-11T07:46:00Z,unknown,2011-03-11T08:01:00Z,False,1.634,unknown,2011-03-11 08:01,1617760
2011-03-11T13:52:00Z,unknown,2011-03-11T13:37:00Z,False,1.49,unknown,2011-03-11 13:37,1617760
2011-03-11T13:52:00Z,unknown,2011-03-11T13:38:00Z,False,1.487,unknown,2011-03-11 13:38,1617760
2011-03-11T13:52:00Z,unknown,2011-03-11T13:39:00Z,False,1.503,unknown,2011-03-11 13:39,1617760
2011-03-11T13:52:00Z,unknown,2011-03-11T13:40:00Z,False,1.494,unknown,2011-03-11 13:40,1617760
2011-03-11T13:52:00Z,unknown,2011-03-11T13:41:00Z,False,1.487,unknown,2011-03-11 13:41,1617760
2011-03-11T13:52:00Z,unknown,2011-03-11T13:42:00Z,False,1.493,unknown,2011-03-11 13:42,1617760
2011-03-11T13:52:00Z,unknown,2011-03-11T13:43:00Z,False,1.496,unknown,2011-03-11 13:43,1617760
2011-03-11T13:52:00Z,unknown,2011-03-11T13:44:00Z,False,1.513,unknown,2011-03-11 13:44,1617760
2011-03-11T13:52:00Z,unknown,2011-03-11T13:45:00Z,False,1.539,unknown,2011-03-11 13:45,1617760
2011-03-11T13:52:00Z,unknown,2011-03-11T13:46:00Z,False,1.59,unknown,2011-03-11 13:46,1617760
2011-03-11T13:52:00Z,unknown,2011-03-11T13:47:00Z,False,1.619,unknown,2011-03-11 13:47,1617760
2011-03-11T13:52:00Z,unknown,2011-03-11T13:48:00Z,False,1.677,unknown,2011-03-11 13:48,1617760
2011-03-11T13:52:00Z,unknown,2011-03-11T13:49:00Z,False,1.765,unknown,2011-03-11 13:49,1617760
2011-03-11T13:52:00Z,unknown,2011-03-11T13:50:00Z,False,1.861,unknown,2011-03-11 13:50,1617760
2011-03-11T13:52:00Z,unknown,2011-03-11T13:51:00Z,False,1.977,unknown,2011-03-11 13:51,1617760
2011-03-11T13:52:00Z,unknown,2011-03-11T13:52:00Z,False,2.113,unknown,2011-03-11 13:52,1617760
2011-03-11T13:52:00Z,unknown,2011-03-11T13:53:00Z,False,2.232,unknown,2011-03-11 13:53,1617760
2011-03-11T13:52:00Z,unknown,2011-03-11T13:54:00Z,False,2.367,unknown,2011-03-11 13:54,1617760
2011-03-11T13:52:00Z,unknown,2011-03-11T13:55:00Z,False,2.473,unknown,2011-03-11 13:55,1617760
2011-03-11T13:52:00Z,unknown,2011-03-11T13:56:00Z,False,2.527,unknown,2011-03-11 13:56,1617760
2011-03-11T13:52:00Z,unknown,2011-03-11T13:57:00Z,False,2.546,unknown,2011-03-11 13:57,1617760
2011-03-11T13:52:00Z,unknown,2011-03-11T13:58:00Z,False,2.483,unknown,2011-03-11 13:58,1617760
2011-03-11T13:52:00Z,unknown,2011-03-11T13:59:00Z,False,2.344,unknown,2011-03-11 13:59,1617760
2011-03-11T13:52:00Z,unknown,2011-03-11T14:00:00Z,False,2.143,unknown,2011-03-11 14:00,1617760
2011-03-11T13:52:00Z,unknown,2011-03-11T14:01:00Z,False,1.884,unknown,2011-03-11 14:01,1617760
2011-03-11T13:52:00Z,unknown,2011-03-11T14:02:00Z,False,1.586,unknown,2011-03-11 14:02,1617760
2011-03-11T13:52:00Z,unknown,2011-03-11T14:03:00Z,False,1.255,unknown,2011-03-11 14:03,1617760
2011-03-11T13:52:00Z,unknown,2011-03-11T14:04:00Z,False,0.929,unknown,2011-03-11 14:04,1617760
2011-03-11T13:52:00Z,unknown,2011-03-11T14:05:00Z,False,0.628,unknown,2011-03-11 14:05,1617760
2011-03-11T13:52:00Z,unknown,2011-03-11T14:06:00Z,False,0.366,unknown,2011-03-11 14:06,1617760
2011-03-11T13:52:00Z,unknown,2011-03-11T14:07:00Z,False,0.143,unknown,2011-03-11 14:07,1617760
2011-03-11T06:13:00Z,unknown,2011-03-11T05:58:00Z,False,1.231,unknown,2011-03-11 05:58,1770000
2011-03-11T06:13:00Z,unknown,2011-03-11T05:59:00Z,False,1.224,unknown,2011-03-11 05:59,1770000
2011-03-11T06:13:00Z,unknown,2011-03-11T06:00:00Z,False,1.225,unknown,2011-03-11 06:00,1770000
2011-03-11T06:13:00Z,unknown,2011-03-11T06:01:00Z,False,1.224,unknown,2011-03-11 06:01,1770000
2011-03-11T06:13:00Z,unknown,2011-03-11T06:02:00Z,False,1.227,unknown,2011-03-11 06:02,1770000
2011-03-11T06:13:00Z,unknown,2011-03-11T06:03:00Z,False,1.234,unknown,2011-03-11 06:03,1770000
2011-03-11T06:13:00Z,unknown,2011-03-11T06:04:00Z,False,1.237,unknown,2011-03-11 06:04,1770000
2011-03-11T06:13:00Z,unknown,2011-03-11T06:05:00Z,False,1.244,unknown,2011-03-11 06:05,1770000
2011-03-11T06:13:00Z,unknown,2011-03-11T06:06:00Z,False,1.239,unknown,2011-03-11 06:06,1770000
2011-03-11T06:13:00Z,unknown,2011-03-11T06:07:00Z,False,1.245,unknown,2011-03-11 06:07,1770000
2011-03-11T06:13:00Z,unknown,2011-03-11T06:08:00Z,False,1.248,unknown,2011-03-11 06:08,1770000
2011-03-11T06:13:00Z,unknown,2011-03-11T06:09:00Z,False,1.244,unknown,2011-03-11 06:09,1770000
2011-03-11T06:13:00Z,unknown,2011-03-11T06:10:00Z,False,1.241,unknown,2011-03-11 06:10,1770000
2011-03-11T06:13:00Z,unknown,2011-03-11T06:11:00Z,False,1.245,unknown,2011-03-11 06:11,1770000
2011-03-11T06:13:00Z,unknown,2011-03-11T06:12:00Z,False,1.247,unknown,2011-03-11 06:12,1770000
2011-03-11T06:13:00Z,unknown,2011-03-11T06:13:00Z,False,1.257,unknown,2011-03-11 06:13,1770000
2011-03-11T06:13:00Z,unknown,2011-03-11T06:14:00Z,False,1.254,unknown,2011-03-11 06:14,1770000
2011-03-11T06:13:00Z,unknown,2011-03-11T06:15:00Z,False,1.241,unknown,2011-03-11 06:15,1770000
2011-03-11T06:13:00Z,unknown,2011-03-11T06:16:00Z,False,1.252,unknown,2011-03-11 06:16,1770000
2011-03-11T06:13:00Z,unknown,2011-03-11T06:17:00Z,False,1.257,unknown,2011-03-11 06:17,1770000
2011-03-11T06:13:00Z,unknown,2011-03-11T06:18:00Z,False,1.251,unknown,2011-03-11 06:18,1770000
2011-03-11T06:13:00Z,unknown,2011-03-11T06:19:00Z,False,1.249,unknown,2011-03-11 06:19,1770000
2011-03-11T06:13:00Z,unknown,2011-03-11T06:20:00Z,False,1.265,unknown,2011-03-11 06:20,1770000
2011-03-11T06:13:00Z,unknown,2011-03-11T06:21:00Z,False,1.264,unknown,2011-03-11 06:21,1770000
2011-03-11T06:13:00Z,unknown,2011-03-11T06:22:00Z,False,1.264,unknown,2011-03-11 06:22,1770000
2011-03-11T06:13:00Z,unknown,2011-03-11T06:23:00Z,False,1.262,unknown,2011-03-11 06:23,1770000
2011-03-11T06:13:00Z,unknown,2011-03-11T06:24:00Z,False,1.263,unknown,2011-03-11 06:24,1770000
2011-03-11T06:13:00Z,unknown,2011-03-11T06:25:00Z,False,1.264,unknown,2011-03-11 06:25,1770000
2011-03-11T06:13:00Z,unknown,2011-03-11T06:26:00Z,False,1.278,unknown,2011-03-11 06:26,1770000
2011-03-11T06:13:00Z,unknown,2011-03-11T06:27:00Z,False,1.287,unknown,2011-03-11 06:27,1770000
2011-03-11T06:13:00Z,unknown,2011-03-11T06:28:00Z,False,1.285,unknown,2011-03-11 06:28,1770000
2011-03-11T06:16:00Z,unknown,2011-03-11T06:01:00Z,False,1.224,unknown,2011-03-11 06:01,1770000
2011-03-11T06:16:00Z,unknown,2011-03-11T06:02:00Z,False,1.227,unknown,2011-03-11 06:02,1770000
2011-03-11T06:16:00Z,unknown,2011-03-11T06:03:00Z,False,1.234,unknown,2011-03-11 06:03,1770000
2011-03-11T06:16:00Z,unknown,2011-03-11T06:04:00Z,False,1.237,unknown,2011-03-11 06:04,1770000
2011-03-11T06:16:00Z,unknown,2011-03-11T06:05:00Z,False,1.244,unknown,2011-03-11 06:05,1770000
2011-03-11T06:16:00Z,unknown,2011-03-11T06:06:00Z,False,1.239,unknown,2011-03-11 06:06,1770000
2011-03-11T06:16:00Z,unknown,2011-03-11T06:07:00Z,False,1.245,unknown,2011-03-11 06:07,1770000
2011-03-11T06:16:00Z,unknown,2011-03-11T06:08:00Z,False,1.248,unknown,2011-03-11 06:08,1770000
2011-03-11T06:16:00Z,unknown,2011-03-11T06:09:00Z,False,1.244,unknown,2011-03-11 06:09,1770000
2011-03-11T06:16:00Z,unknown,2011-03-11T06:10:00Z,False,1.241,unknown,2011-03-11 06:10,1770000
2011-03-11T06:16:00Z,unknown,2011-03-11T06:11:00Z,False,1.245,unknown,2011-03-11 06:11,1770000
2011-03-11T06:16:00Z,unknown,2011-03-11T06:12:00Z,False,1.247,unknown,2011-03-11 06:12,1770000
2011-03-11T06:16:00Z,unknown,2011-03-11T06:13:00Z,False,1.257,unknown,2011-03-11 06:13,1770000
2011-03-11T06:16:00Z,unknown,2011-03-11T06:14:00Z,False,1.254,unknown,2011-03-11 06:14,1770000
2011-03-11T06:16:00Z,unknown,2011-03-11T06:15:00Z,False,1.241,unknown,2011-03-11 06:15,1770000
2011-03-11T06:16:00Z,unknown,2011-03-11T06:16:00Z,False,1.252,unknown,2011-03-11 06:16,1770000
2011-03-11T06:16:00Z,unknown,2011-03-11T06:17:00Z,False,1.257,unknown,2011-03-11 06:17,1770000
2011-03-11T06:16:00Z,unknown,2011-03-11T06:18:00Z,False,1.251,unknown,2011-03-11 06:18,1770000
2011-03-11T06:16:00Z,unknown,2011-03-11T06:19:00Z,False,1.249,unknown,2011-03-11 06:19,1770000
2011-03-11T06:16:00Z,unknown,2011-03-11T06:20:00Z,False,1.265,unknown,2011-03-11 06:20,1770000
2011-03-11T06:16:00Z,unknown,2011-03-11T06:21:00Z,False,1.264,unknown,2011-03-11 06:21,1770000
2011-03-11T06:16:00Z,unknown,2011-03-11T06:22:00Z,False,1.264,unknown,2011-03-11 06:22,1770000
2011-03-11T06:16:00Z,unknown,2011-03-11T06:23:00Z,False,1.262,unknown,2011-03-11 06:23,1770000
2011-03-11T06:16:00Z,unknown,2011-03-11T06:24:00Z,False,1.263,unknown,2011-03-11 06:24,1770000
2011-03-11T06:16:00Z,unknown,2011-03-11T06:25:00Z,False,1.264,unknown,2011-03-11 06:25,1770000
2011-03-11T06:16:00Z,unknown,2011-03-11T06:26:00Z,False,1.278,unknown,2011-03-11 06:26,1770000
2011-03-11T06:16:00Z,unknown,2011-03-11T06:27:00Z,False,1.287,unknown,2011-03-11 06:27,1770000
2011-03-11T06:16:00Z,unknown,2011-03-11T06:28:00Z,False,1.285,unknown,2011-03-11 06:28,1770000
2011-03-11T06:16:00Z,unknown,2011-03-11T06:29:00Z,False,1.283,unknown,2011-03-11 06:29,1770000
2011-03-11T06:16:00Z,unknown,2011-03-11T06:30:00Z,False,1.279,unknown,2011-03-11 06:30,1770000
2011-03-11T06:16:00Z,unknown,2011-03-11T06:31:00Z,False,1.273,unknown,2011-03-11 06:31,1770000
2011-03-11T08:03:00Z,unknown,2011-03-11T07:48:00Z,False,1.443,unknown,2011-03-11 07:48,1770000
2011-03-11T08:03:00Z,unknown,2011-03-11T07:49:00Z,False,1.452,unknown,2011-03-11 07:49,1770000
2011-03-11T08:03:00Z,unknown,2011-03-11T07:50:00Z,False,1.456,unknown,2011-03-11 07:50,1770000
2011-03-11T08:03:00Z,unknown,2011-03-11T07:51:00Z,False,1.458,unknown,2011-03-11 07:51,1770000
2011-03-11T08:03:00Z,unknown,2011-03-11T07:52:00Z,False,1.452,unknown,2011-03-11 07:52,1770000
2011-03-11T08:03:00Z,unknown,2011-03-11T07:53:00Z,False,1.455,unknown,2011-03-11 07:53,1770000
2011-03-11T08:03:00Z,unknown,2011-03-11T07:54:00Z,False,1.453,unknown,2011-03-11 07:54,1770000
2011-03-11T08:03:00Z,unknown,2011-03-11T07:55:00Z,False,1.447,unknown,2011-03-11 07:55,1770000
2011-03-11T08:03:00Z,unknown,2011-03-11T07:56:00Z,False,1.444,unknown,2011-03-11 07:56,1770000
2011-03-11T08:03:00Z,unknown,2011-03-11T07:57:00Z,False,1.449,unknown,2011-03-11 07:57,1770000
2011-03-11T08:03:00Z,unknown,2011-03-11T07:58:00Z,False,1.452,unknown,2011-03-11 07:58,1770000
2011-03-11T08:03:00Z,unknown,2011-03-11T07:59:00Z,False,1.458,unknown,2011-03-11 07:59,1770000
2011-03-11T08:03:00Z,unknown,2011-03-11T08:00:00Z,False,1.467,unknown,2011-03-11 08:00,1770000
2011-03-11T08:03:00Z,unknown,2011-03-11T08:01:00Z,False,1.466,unknown,2011-03-11 08:01,1770000
2011-03-11T08:03:00Z,unknown,2011-03-11T08:02:00Z,False,1.47,unknown,2011-03-11 08:02,1770000
2011-03-11T08:03:00Z,unknown,2011-03-11T08:03:00Z,False,1.48,unknown,2011-03-11 08:03,1770000
2011-03-11T08:03:00Z,unknown,2011-03-11T08:04:00Z,False,1.485,unknown,2011-03-11 08:04,1770000
2011-03-11T08:03:00Z,unknown,2011-03-11T08:05:00Z,False,1.477,unknown,2011-03-11 08:05,1770000
2011-03-11T08:03:00Z,unknown,2011-03-11T08:06:00Z,False,1.48,unknown,2011-03-11 08:06,1770000
2011-03-11T08:03:00Z,unknown,2011-03-11T08:07:00Z,False,1.493,unknown,2011-03-11 08:07,1770000
2011-03-11T08:03:00Z,unknown,2011-03-11T08:08:00Z,False,1.481,unknown,2011-03-11 08:08,1770000
2011-03-11T08:03:00Z,unknown,2011-03-11T08:09:00Z,False,1.484,unknown,2011-03-11 08:09,1770000
2011-03-11T08:03:00Z,unknown,2011-03-11T08:10:00Z,False,1.5,unknown,2011-03-11 08:10,1770000
2011-03-11T08:03:00Z,unknown,2011-03-11T08:11:00Z,False,1.504,unknown,2011-03-11 08:11,1770000
2011-03-11T08:03:00Z,unknown,2011-03-11T08:12:00Z,False,1.493,unknown,2011-03-11 08:12,1770000
2011-03-11T08:03:00Z,unknown,2011-03-11T08:13:00Z,False,1.497,unknown,2011-03-11 08:13,1770000
2011-03-11T08:03:00Z,unknown,2011-03-11T08:14:00Z,False,1.501,unknown,2011-03-11 08:14,1770000
2011-03-11T08:03:00Z,unknown,2011-03-11T08:15:00Z,False,1.487,unknown,2011-03-11 08:15,1770000
2011-03-11T08:03:00Z,unknown,2011-03-11T08:16:00Z,False,1.486,unknown,2011-03-11 08:16,1770000
2011-03-11T08:03:00Z,unknown,2011-03-11T08:17:00Z,False,1.492,unknown,2011-03-11 08:17,1770000
2011-03-11T08:03:00Z,unknown,2011-03-11T08:18:00Z,False,1.491,unknown,2011-03-11 08:18,1770000
2011-03-11T05:52:45Z,5824.73071,2011-03-11T05:38:00Z,False,5824.77707,0.04636,70.234722,21413
2011-03-11T05:52:45Z,5824.73137,2011-03-11T05:39:00Z,False,5824.77707,0.0457,70.235417,21413
2011-03-11T05:52:45Z,5824.73202,2011-03-11T05:40:00Z,False,5824.77907,0.04705,70.236111,21413
2011-03-11T05:52:45Z,5824.73333,2011-03-11T05:41:00Z,False,5824.78007,0.04674,70.236806,21413
2011-03-11T05:52:45Z,5824.73398,2011-03-11T05:42:00Z,False,5824.78107,0.04709,70.237500,21413
2011-03-11T05:52:45Z,5824.7353,2011-03-11T05:43:00Z,False,5824.78207,0.04677,70.238194,21413
2011-03-11T05:52:45Z,5824.73595,2011-03-11T05:44:00Z,False,5824.78407,0.04812,70.238889,21413
2011-03-11T05:52:45Z,5824.73726,2011-03-11T05:45:00Z,False,5824.78507,0.04781,70.239583,21413
2011-03-11T05:52:45Z,5824.73791,2011-03-11T05:46:00Z,False,5824.78607,0.04816,70.240278,21413
2011-03-11T05:52:45Z,5824.73922,2011-03-11T05:47:00Z,False,5824.78707,0.04785,70.240972,21413
2011-03-11T05:52:45Z,5824.73987,2011-03-11T05:48:00Z,False,5824.78807,0.04819,70.241667,21413
2011-03-11T05:52:45Z,5824.74118,2011-03-11T05:49:00Z,False,5824.79207,0.05089,70.242361,21413
2011-03-11T05:52:45Z,5824.74184,2011-03-11T05:50:00Z,False,5824.78907,0.04723,70.243056,21413
2011-03-11T05:52:45Z,5824.74249,2011-03-11T05:50:15Z,False,5824.79407,0.05158,70.243229,21413
2011-03-11T05:52:45Z,5824.74249,2011-03-11T05:50:30Z,False,5824.76107,0.01858,70.243403,21413
2011-03-11T05:52:45Z,5824.74249,2011-03-11T05:50:45Z,False,5824.75807,0.01558,70.243576,21413
2011-03-11T05:52:45Z,5824.74314,2011-03-11T05:51:00Z,False,5824.72707,-0.01607,70.243750,21413
2011-03-11T05:52:45Z,5824.74314,2011-03-11T05:51:15Z,False,5824.79707,0.05392,70.243924,21413
2011-03-11T05:52:45Z,5824.7438,2011-03-11T05:51:30Z,False,5824.81307,0.06927,70.244097,21413
2011-03-11T05:52:45Z,5824.7438,2011-03-11T05:51:45Z,False,5824.82607,0.08227,70.244271,21413
2011-03-11T05:52:45Z,5824.7438,2011-03-11T05:52:00Z,False,5824.81107,0.06727,70.244444,21413
2011-03-11T05:52:45Z,5824.74445,2011-03-11T05:52:15Z,False,5824.80807,0.06362,70.244618,21413
2011-03-11T05:52:45Z,5824.74445,2011-03-11T05:52:30Z,False,5824.80607,0.06161,70.244792,21413
2011-03-11T05:52:45Z,5824.7451,2011-03-11T05:52:45Z,False,5825.09407,0.34896,70.244965,21413
2011-03-11T05:52:45Z,5824.7451,2011-03-11T05:53:00Z,False,5824.68407,-0.06104,70.245139,21413
2011-03-11T05:52:45Z,5824.7451,2011-03-11T05:53:15Z,False,5824.28007,-0.46504,70.245312,21413
2011-03-11T05:52:45Z,5824.74576,2011-03-11T05:53:30Z,False,5825.87007,1.12431,70.245486,21413
2011-03-11T05:52:45Z,5824.74576,2011-03-11T05:53:45Z,False,5824.54007,-0.20569,70.245660,21413
2011-03-11T05:52:45Z,5824.74576,2011-03-11T05:54:00Z,False,5824.81007,0.06431,70.245833,21413
2011-03-11T05:52:45Z,5824.74707,2011-03-11T05:55:00Z,False,5824.68507,-0.062,70.246528,21413
2011-03-11T05:52:45Z,5824.74838,2011-03-11T05:56:00Z,False,5824.83607,0.08769,70.247222,21413
2011-03-11T05:52:45Z,5824.74903,2011-03-11T05:57:00Z,False,5824.79307,0.04403,70.247917,21413
2011-03-11T05:52:45Z,5824.75034,2011-03-11T05:58:00Z,False,5824.76307,0.01273,70.248611,21413
2011-03-11T05:52:45Z,5824.75099,2011-03-11T05:59:00Z,False,5824.87407,0.12307,70.249306,21413
2011-03-11T05:52:45Z,5824.75231,2011-03-11T06:00:00Z,False,5824.78007,0.02776,70.250000,21413
2011-03-11T05:52:45Z,5824.75361,2011-03-11T06:01:00Z,False,5824.72607,-0.02754,70.250694,21413
2011-03-11T05:52:45Z,5824.75427,2011-03-11T06:02:00Z,False,5824.84607,0.0918,70.251389,21413
2011-03-11T05:52:45Z,5824.75558,2011-03-11T06:03:00Z,False,5824.83707,0.08149,70.252083,21413
2011-03-11T05:52:45Z,5824.75623,2011-03-11T06:04:00Z,False,5824.77607,0.01984,70.252778,21413
2011-03-11T05:52:45Z,5824.75754,2011-03-11T06:05:00Z,False,5824.84007,0.08253,70.253472,21413
2011-03-11T05:52:45Z,5824.75885,2011-03-11T06:06:00Z,False,5824.78007,0.02122,70.254167,21413
2011-03-11T05:52:45Z,5824.7595,2011-03-11T06:07:00Z,False,5824.74007,-0.01944,70.254861,21413
2011-03-11T06:01:00Z,5824.73791,2011-03-11T05:46:00Z,False,5824.78607,0.04816,70.240278,21413
2011-03-11T06:01:00Z,5824.73922,2011-03-11T05:47:00Z,False,5824.78707,0.04785,70.240972,21413
2011-03-11T06:01:00Z,5824.73987,2011-03-11T05:48:00Z,False,5824.78807,0.04819,70.241667,21413
2011-03-11T06:01:00Z,5824.74118,2011-03-11T05:49:00Z,False,5824.79207,0.05089,70.242361,21413
2011-03-11T06:01:00Z,5824.74184,2011-03-11T05:50:00Z,False,5824.78907,0.04723,70.243056,21413
2011-03-11T06:01:00Z,5824.74249,2011-03-11T05:50:15Z,False,5824.79407,0.05158,70.243229,21413
2011-03-11T06:01:00Z,5824.74249,2011-03-11T05:50:30Z,False,5824.76107,0.01858,70.243403,21413
2011-03-11T06:01:00Z,5824.74249,2011-03-11T05:50:45Z,False,5824.75807,0.01558,70.243576,21413
2011-03-11T06:01:00Z,5824.74314,2011-03-11T05:51:00Z,False,5824.72707,-0.01607,70.243750,21413
2011-03-11T06:01:00Z,5824.74314,2011-03-11T05:51:15Z,False,5824.79707,0.05392,70.243924,21413
2011-03-11T06:01:00Z,5824.7438,2011-03-11T05:51:30Z,False,5824.81307,0.06927,70.244097,21413
2011-03-11T06:01:00Z,5824.7438,2011-03-11T05:51:45Z,False,5824.82607,0.08227,70.244271,21413
2011-03-11T06:01:00Z,5824.7438,2011-03-11T05:52:00Z,False,5824.81107,0.06727,70.244444,21413
2011-03-11T06:01:00Z,5824.74445,2011-03-11T05:52:15Z,False,5824.80807,0.06362,70.244618,21413
2011-03-11T06:01:00Z,5824.74445,2011-03-11T05:52:30Z,False,5824.80607,0.06161,70.244792,21413
2011-03-11T06:01:00Z,5824.7451,2011-03-11T05:52:45Z,False,5825.09407,0.34896,70.244965,21413
2011-03-11T06:01:00Z,5824.7451,2011-03-11T05:53:00Z,False,5824.68407,-0.06104,70.245139,21413
2011-03-11T06:01:00Z,5824.7451,2011-03-11T05:53:15Z,False,5824.28007,-0.46504,70.245312,21413
2011-03-11T06:01:00Z,5824.74576,2011-03-11T05:53:30Z,False,5825.87007,1.12431,70.245486,21413
2011-03-11T06:01:00Z,5824.74576,2011-03-11T05:53:45Z,False,5824.54007,-0.20569,70.245660,21413
2011-03-11T06:01:00Z,5824.74576,2011-03-11T05:54:00Z,False,5824.81007,0.06431,70.245833,21413
2011-03-11T06:01:00Z,5824.74707,2011-03-11T05:55:00Z,False,5824.68507,-0.062,70.246528,21413
2011-03-11T06:01:00Z,5824.74838,2011-03-11T05:56:00Z,False,5824.83607,0.08769,70.247222,21413
2011-03-11T06:01:00Z,5824.74903,2011-03-11T05:57:00Z,False,5824.79307,0.04403,70.247917,21413
2011-03-11T06:01:00Z,5824.75034,2011-03-11T05:58:00Z,False,5824.76307,0.01273,70.248611,21413
2011-03-11T06:01:00Z,5824.75099,2011-03-11T05:59:00Z,False,5824.87407,0.12307,70.249306,21413
2011-03-11T06:01:00Z,5824.75231,2011-03-11T06:00:00Z,False,5824.78007,0.02776,70.250000,21413
2011-03-11T06:01:00Z,5824.75361,2011-03-11T06:01:00Z,False,5824.72607,-0.02754,70.250694,21413
2011-03-11T06:01:00Z,5824.75427,2011-03-11T06:02:00Z,False,5824.84607,0.0918,70.251389,21413
2011-03-11T06:01:00Z,5824.75558,2011-03-11T06:03:00Z,False,5824.83707,0.08149,70.252083,21413
2011-03-11T06:01:00Z,5824.75623,2011-03-11T06:04:00Z,False,5824.77607,0.01984,70.252778,21413
2011-03-11T06:01:00Z,5824.75754,2011-03-11T06:05:00Z,False,5824.84007,0.08253,70.253472,21413
2011-03-11T06:01:00Z,5824.75885,2011-03-11T06:06:00Z,False,5824.78007,0.02122,70.254167,21413
2011-03-11T06:01:00Z,5824.7595,2011-03-11T06:07:00Z,False,5824.74007,-0.01944,70.254861,21413
2011-03-11T06:01:00Z,5824.76081,2011-03-11T06:08:00Z,False,5824.81907,0.05826,70.255556,21413
2011-03-11T06:01:00Z,5824.76212,2011-03-11T06:09:00Z,False,5824.87207,0.10995,70.256250,21413
2011-03-11T06:01:00Z,5824.76277,2011-03-11T06:10:00Z,False,5824.74607,-0.0167,70.256944,21413
2011-03-11T06:01:00Z,5824.76408,2011-03-11T06:11:00Z,False,5824.84707,0.08299,70.257639,21413
2011-03-11T06:01:00Z,5824.76539,2011-03-11T06:12:00Z,False,5824.92707,0.16168,70.258333,21413
2011-03-11T06:01:00Z,5824.76604,2011-03-11T06:13:00Z,False,5824.72407,-0.04198,70.259028,21413
2011-03-11T06:01:00Z,5824.76736,2011-03-11T06:14:00Z,False,5824.80607,0.03871,70.259722,21413
2011-03-11T06:01:00Z,5824.76866,2011-03-11T06:15:00Z,False,5824.86507,0.09641,70.260417,21413
2011-03-11T06:01:00Z,5824.76932,2011-03-11T06:16:00Z,False,5824.82607,0.05675,70.261111,21413
2011-03-11T06:20:00Z,5824.75754,2011-03-11T06:05:00Z,False,5824.84007,0.08253,70.253472,21413
2011-03-11T06:20:00Z,5824.75885,2011-03-11T06:06:00Z,False,5824.78007,0.02122,70.254167,21413
2011-03-11T06:20:00Z,5824.7595,2011-03-11T06:07:00Z,False,5824.74007,-0.01944,70.254861,21413
2011-03-11T06:20:00Z,5824.76081,2011-03-11T06:08:00Z,False,5824.81907,0.05826,70.255556,21413
2011-03-11T06:20:00Z,5824.76212,2011-03-11T06:09:00Z,False,5824.87207,0.10995,70.256250,21413
2011-03-11T06:20:00Z,5824.76277,2011-03-11T06:10:00Z,False,5824.74607,-0.0167,70.256944,21413
2011-03-11T06:20:00Z,5824.76408,2011-03-11T06:11:00Z,False,5824.84707,0.08299,70.257639,21413
2011-03-11T06:20:00Z,5824.76539,2011-03-11T06:12:00Z,False,5824.92707,0.16168,70.258333,21413
2011-03-11T06:20:00Z,5824.76604,2011-03-11T06:13:00Z,False,5824.72407,-0.04198,70.259028,21413
2011-03-11T06:20:00Z,5824.76736,2011-03-11T06:14:00Z,False,5824.80607,0.03871,70.259722,21413
2011-03-11T06:20:00Z,5824.76866,2011-03-11T06:15:00Z,False,5824.86507,0.09641,70.260417,21413
2011-03-11T06:20:00Z,5824.76932,2011-03-11T06:16:00Z,False,5824.82607,0.05675,70.261111,21413
2011-03-11T06:20:00Z,5824.77063,2011-03-11T06:17:00Z,False,5824.77007,-0.00056,70.261806,21413
2011-03-11T06:20:00Z,5824.77193,2011-03-11T06:18:00Z,False,5824.85407,0.08214,70.262500,21413
2011-03-11T06:20:00Z,5824.77324,2011-03-11T06:19:00Z,False,5824.76707,-0.00618,70.263194,21413
2011-03-11T06:20:00Z,5824.77389,2011-03-11T06:20:00Z,False,5824.92707,0.15317,70.263889,21413
2011-03-11T06:20:00Z,5824.77521,2011-03-11T06:21:00Z,False,5824.72807,-0.04713,70.264583,21413
2011-03-11T06:20:00Z,5824.77651,2011-03-11T06:22:00Z,False,5824.87707,0.10055,70.265278,21413
2011-03-11T06:20:00Z,5824.77717,2011-03-11T06:23:00Z,False,5824.81707,0.0399,70.265972,21413
2011-03-11T06:20:00Z,5824.77848,2011-03-11T06:24:00Z,False,5824.81607,0.03759,70.266667,21413
2011-03-11T06:20:00Z,5824.77978,2011-03-11T06:25:00Z,False,5824.80907,0.02929,70.267361,21413
2011-03-11T06:20:00Z,5824.78109,2011-03-11T06:26:00Z,False,5824.81707,0.03597,70.268056,21413
2011-03-11T06:20:00Z,5824.78175,2011-03-11T06:27:00Z,False,5824.84107,0.05932,70.268750,21413
2011-03-11T06:20:00Z,5824.78305,2011-03-11T06:28:00Z,False,5824.84407,0.06101,70.269444,21413
2011-03-11T06:20:00Z,5824.78437,2011-03-11T06:29:00Z,False,5824.83007,0.0457,70.270139,21413
2011-03-11T06:20:00Z,5824.78567,2011-03-11T06:30:00Z,False,5824.84307,0.05739,70.270833,21413
2011-03-11T06:20:00Z,5824.78633,2011-03-11T06:31:00Z,False,5824.81807,0.03174,70.271528,21413
2011-03-11T06:20:00Z,5824.78764,2011-03-11T06:32:00Z,False,5824.85906,0.07143,70.272222,21413
2011-03-11T06:20:00Z,5824.78894,2011-03-11T06:33:00Z,False,5824.84807,0.05912,70.272917,21413
2011-03-11T06:20:00Z,5824.79026,2011-03-11T06:34:00Z,False,5824.82107,0.03081,70.273611,21413
2011-03-11T06:20:00Z,5824.79091,2011-03-11T06:35:00Z,False,5824.86107,0.07016,70.274306,21413
2011-03-11T05:48:45Z,5662.37479,2011-03-11T05:34:00Z,False,5662.35931,-0.01548,70.231944,21418
2011-03-11T05:48:45Z,5662.37676,2011-03-11T05:35:00Z,False,5662.36131,-0.01545,70.232639,21418
2011-03-11T05:48:45Z,5662.37807,2011-03-11T05:36:00Z,False,5662.36231,-0.01576,70.233333,21418
2011-03-11T05:48:45Z,5662.38003,2011-03-11T05:37:00Z,False,5662.36431,-0.01572,70.234028,21418
2011-03-11T05:48:45Z,5662.38134,2011-03-11T05:38:00Z,False,5662.36531,-0.01603,70.234722,21418
2011-03-11T05:48:45Z,5662.3833,2011-03-11T05:39:00Z,False,5662.36731,-0.01599,70.235417,21418
2011-03-11T05:48:45Z,5662.38461,2011-03-11T05:40:00Z,False,5662.36931,-0.0153,70.236111,21418
2011-03-11T05:48:45Z,5662.38657,2011-03-11T05:41:00Z,False,5662.37131,-0.01526,70.236806,21418
2011-03-11T05:48:45Z,5662.38788,2011-03-11T05:42:00Z,False,5662.37331,-0.01457,70.237500,21418
2011-03-11T05:48:45Z,5662.38984,2011-03-11T05:43:00Z,False,5662.37531,-0.01453,70.238194,21418
2011-03-11T05:48:45Z,5662.3918,2011-03-11T05:44:00Z,False,5662.37731,-0.0145,70.238889,21418
2011-03-11T05:48:45Z,5662.39312,2011-03-11T05:45:00Z,False,5662.37831,-0.01481,70.239583,21418
2011-03-11T05:48:45Z,5662.39508,2011-03-11T05:46:00Z,False,5662.38031,-0.01477,70.240278,21418
2011-03-11T05:48:45Z,5662.39704,2011-03-11T05:47:00Z,False,5662.38231,-0.01473,70.240972,21418
2011-03-11T05:48:45Z,5662.39901,2011-03-11T05:48:00Z,False,5662.39231,-0.00669,70.241667,21418
2011-03-11T05:48:45Z,5662.39901,2011-03-11T05:48:15Z,False,5662.36831,-0.03069,70.241840,21418
2011-03-11T05:48:45Z,5662.39966,2011-03-11T05:48:30Z,False,5662.39431,-0.00535,70.242014,21418
2011-03-11T05:48:45Z,5662.40031,2011-03-11T05:48:45Z,False,5662.42231,0.022,70.242188,21418
2011-03-11T05:48:45Z,5662.40031,2011-03-11T05:49:00Z,False,5662.44131,0.041,70.242361,21418
2011-03-11T05:48:45Z,5662.40097,2011-03-11T05:49:15Z,False,5662.43631,0.03534,70.242535,21418
2011-03-11T05:48:45Z,5662.40162,2011-03-11T05:49:30Z,False,5662.05531,-0.34631,70.242708,21418
2011-03-11T05:48:45Z,5662.40162,2011-03-11T05:49:45Z,False,5663.22031,0.81869,70.242882,21418
2011-03-11T05:48:45Z,5662.40228,2011-03-11T05:50:00Z,False,5661.43731,-0.96497,70.243056,21418
2011-03-11T05:48:45Z,5662.40293,2011-03-11T05:50:15Z,False,5662.77531,0.37238,70.243229,21418
2011-03-11T05:48:45Z,5662.40293,2011-03-11T05:50:30Z,False,5661.68831,-0.71462,70.243403,21418
2011-03-11T05:48:45Z,5662.40358,2011-03-11T05:50:45Z,False,5662.46231,0.05873,70.243576,21418
2011-03-11T05:48:45Z,5662.40424,2011-03-11T05:51:00Z,False,5662.48631,0.08207,70.243750,21418
2011-03-11T05:48:45Z,5662.4049,2011-03-11T05:51:15Z,False,5662.51131,0.10642,70.243924,21418
2011-03-11T05:48:45Z,5662.4049,2011-03-11T05:51:30Z,False,5662.46831,0.06342,70.244097,21418
2011-03-11T05:48:45Z,5662.40555,2011-03-11T05:51:45Z,False,5662.57831,0.17276,70.244271,21418
2011-03-11T05:48:45Z,5662.4062,2011-03-11T05:52:00Z,False,5662.11431,-0.29189,70.244444,21418
2011-03-11T05:48:45Z,5662.40751,2011-03-11T05:53:00Z,False,5662.21631,-0.1912,70.245139,21418
2011-03-11T05:48:45Z,5662.40947,2011-03-11T05:54:00Z,False,5662.24331,-0.16617,70.245833,21418
2011-03-11T05:48:45Z,5662.41143,2011-03-11T05:55:00Z,False,5662.09731,-0.31413,70.246528,21418
2011-03-11T05:48:45Z,5662.4134,2011-03-11T05:56:00Z,False,5662.88131,0.46791,70.247222,21418
2011-03-11T05:48:45Z,5662.41536,2011-03-11T05:57:00Z,False,5662.40431,-0.01106,70.247917,21418
2011-03-11T05:48:45Z,5662.41732,2011-03-11T05:58:00Z,False,5662.50031,0.08299,70.248611,21418
2011-03-11T05:48:45Z,5662.41929,2011-03-11T05:59:00Z,False,5662.33431,-0.08498,70.249306,21418
2011-03-11T05:48:45Z,5662.42059,2011-03-11T06:00:00Z,False,5662.43131,0.01071,70.250000,21418
2011-03-11T05:48:45Z,5662.42256,2011-03-11T06:01:00Z,False,5662.41231,-0.01025,70.250694,21418
2011-03-11T05:48:45Z,5662.42452,2011-03-11T06:02:00Z,False,5662.43531,0.01079,70.251389,21418
2011-03-11T05:48:45Z,5662.42648,2011-03-11T06:03:00Z,False,5662.39431,-0.03217,70.252083,21418
2011-03-11T05:49:00Z,5662.37479,2011-03-11T05:34:00Z,False,5662.35931,-0.01548,70.231944,21418
2011-03-11T05:49:00Z,5662.37676,2011-03-11T05:35:00Z,False,5662.36131,-0.01545,70.232639,21418
2011-03-11T05:49:00Z,5662.37807,2011-03-11T05:36:00Z,False,5662.36231,-0.01576,70.233333,21418
2011-03-11T05:49:00Z,5662.38003,2011-03-11T05:37:00Z,False,5662.36431,-0.01572,70.234028,21418
2011-03-11T05:49:00Z,5662.38134,2011-03-11T05:38:00Z,False,5662.36531,-0.01603,70.234722,21418
2011-03-11T05:49:00Z,5662.3833,2011-03-11T05:39:00Z,False,5662.36731,-0.01599,70.235417,21418
2011-03-11T05:49:00Z,5662.38461,2011-03-11T05:40:00Z,False,5662.36931,-0.0153,70.236111,21418
2011-03-11T05:49:00Z,5662.38657,2011-03-11T05:41:00Z,False,5662.37131,-0.01526,70.236806,21418
2011-03-11T05:49:00Z,5662.38788,2011-03-11T05:42:00Z,False,5662.37331,-0.01457,70.237500,21418
2011-03-11T05:49:00Z,5662.38984,2011-03-11T05:43:00Z,False,5662.37531,-0.01453,70.238194,21418
2011-03-11T05:49:00Z,5662.3918,2011-03-11T05:44:00Z,False,5662.37731,-0.0145,70.238889,21418
2011-03-11T05:49:00Z,5662.39312,2011-03-11T05:45:00Z,False,5662.37831,-0.01481,70.239583,21418
2011-03-11T05:49:00Z,5662.39508,2011-03-11T05:46:00Z,False,5662.38031,-0.01477,70.240278,21418
2011-03-11T05:49:00Z,5662.39704,2011-03-11T05:47:00Z,False,5662.38231,-0.01473,70.240972,21418
2011-03-11T05:49:00Z,5662.39901,2011-03-11T05:48:00Z,False,5662.39231,-0.00669,70.241667,21418
2011-03-11T05:49:00Z,5662.39901,2011-03-11T05:48:15Z,False,5662.36831,-0.03069,70.241840,21418
2011-03-11T05:49:00Z,5662.39966,2011-03-11T05:48:30Z,False,5662.39431,-0.00535,70.242014,21418
2011-03-11T05:49:00Z,5662.40031,2011-03-11T05:48:45Z,False,5662.42231,0.022,70.242188,21418
2011-03-11T05:49:00Z,5662.40031,2011-03-11T05:49:00Z,False,5662.44131,0.041,70.242361,21418
2011-03-11T05:49:00Z,5662.40097,2011-03-11T05:49:15Z,False,5662.43631,0.03534,70.242535,21418
2011-03-11T05:49:00Z,5662.40162,2011-03-11T05:49:30Z,False,5662.05531,-0.34631,70.242708,21418
2011-03-11T05:49:00Z,5662.40162,2011-03-11T05:49:45Z,False,5663.22031,0.81869,70.242882,21418
2011-03-11T05:49:00Z,5662.40228,2011-03-11T05:50:00Z,False,5661.43731,-0.96497,70.243056,21418
2011-03-11T05:49:00Z,5662.40293,2011-03-11T05:50:15Z,False,5662.77531,0.37238,70.243229,21418
2011-03-11T05:49:00Z,5662.40293,2011-03-11T05:50:30Z,False,5661.68831,-0.71462,70.243403,21418
2011-03-11T05:49:00Z,5662.40358,2011-03-11T05:50:45Z,False,5662.46231,0.05873,70.243576,21418
2011-03-11T05:49:00Z,5662.40424,2011-03-11T05:51:00Z,False,5662.48631,0.08207,70.243750,21418
2011-03-11T05:49:00Z,5662.4049,2011-03-11T05:51:15Z,False,5662.51131,0.10642,70.243924,21418
2011-03-11T05:49:00Z,5662.4049,2011-03-11T05:51:30Z,False,5662.46831,0.06342,70.244097,21418
2011-03-11T05:49:00Z,5662.40555,2011-03-11T05:51:45Z,False,5662.57831,0.17276,70.244271,21418
2011-03-11T05:49:00Z,5662.4062,2011-03-11T05:52:00Z,False,5662.11431,-0.29189,70.244444,21418
2011-03-11T05:49:00Z,5662.40751,2011-03-11T05:53:00Z,False,5662.21631,-0.1912,70.245139,21418
2011-03-11T05:49:00Z,5662.40947,2011-03-11T05:54:00Z,False,5662.24331,-0.16617,70.245833,21418
2011-03-11T05:49:00Z,5662.41143,2011-03-11T05:55:00Z,False,5662.09731,-0.31413,70.246528,21418
2011-03-11T05:49:00Z,5662.4134,2011-03-11T05:56:00Z,False,5662.88131,0.46791,70.247222,21418
2011-03-11T05:49:00Z,5662.41536,2011-03-11T05:57:00Z,False,5662.40431,-0.01106,70.247917,21418
2011-03-11T05:49:00Z,5662.41732,2011-03-11T05:58:00Z,False,5662.50031,0.08299,70.248611,21418
2011-03-11T05:49:00Z,5662.41929,2011-03-11T05:59:00Z,False,5662.33431,-0.08498,70.249306,21418
2011-03-11T05:49:00Z,5662.42059,2011-03-11T06:00:00Z,False,5662.43131,0.01071,70.250000,21418
2011-03-11T05:49:00Z,5662.42256,2011-03-11T06:01:00Z,False,5662.41231,-0.01025,70.250694,21418
2011-03-11T05:49:00Z,5662.42452,2011-03-11T06:02:00Z,False,5662.43531,0.01079,70.251389,21418
2011-03-11T05:49:00Z,5662.42648,2011-03-11T06:03:00Z,False,5662.39431,-0.03217,70.252083,21418
2011-03-11T05:49:00Z,5662.42845,2011-03-11T06:04:00Z,False,5662.46531,0.03686,70.252778,21418
2011-03-12T02:24:00Z,4798.48373,2011-03-12T02:09:00Z,False,4798.48004,-0.0037,71.089583,32401
2011-03-12T02:24:00Z,4798.48438,2011-03-12T02:10:00Z,False,4798.47803,-0.00635,71.090278,32401
2011-03-12T02:24:00Z,4798.48504,2011-03-12T02:11:00Z,False,4798.47604,-0.009,71.090972,32401
2011-03-12T02:24:00Z,4798.4857,2011-03-12T02:12:00Z,False,4798.47703,-0.00866,71.091667,32401
2011-03-12T02:24:00Z,4798.48635,2011-03-12T02:13:00Z,False,4798.47803,-0.00831,71.092361,32401
2011-03-12T02:24:00Z,4798.487,2011-03-12T02:14:00Z,False,4798.47604,-0.01097,71.093056,32401
2011-03-12T02:24:00Z,4798.48766,2011-03-12T02:15:00Z,False,4798.47803,-0.00962,71.093750,32401
2011-03-12T02:24:00Z,4798.48831,2011-03-12T02:16:00Z,False,4798.47904,-0.00927,71.094444,32401
2011-03-12T02:24:00Z,4798.48897,2011-03-12T02:17:00Z,False,4798.48103,-0.00793,71.095139,32401
2011-03-12T02:24:00Z,4798.48962,2011-03-12T02:18:00Z,False,4798.48403,-0.00558,71.095833,32401
2011-03-12T02:24:00Z,4798.49027,2011-03-12T02:19:00Z,False,4798.48803,-0.00224,71.096528,32401
2011-03-12T02:24:00Z,4798.49093,2011-03-12T02:20:00Z,False,4798.49404,0.00311,71.097222,32401
2011-03-12T02:24:00Z,4798.49158,2011-03-12T02:21:00Z,False,4798.50003,0.00846,71.097917,32401
2011-03-12T02:24:00Z,4798.49224,2011-03-12T02:22:00Z,False,4798.50704,0.0148,71.098611,32401
2011-03-12T02:24:00Z,4798.49322,2011-03-12T02:23:00Z,False,4798.51404,0.02082,71.099306,32401
2011-03-12T02:24:00Z,4798.49387,2011-03-12T02:24:00Z,False,4798.52304,0.02917,71.100000,32401
2011-03-12T02:24:00Z,4798.4942,2011-03-12T02:24:30Z,False,4798.52403,0.02984,71.100347,32401
2011-03-12T02:24:00Z,4798.4942,2011-03-12T02:24:45Z,False,4798.52704,0.03284,71.100521,32401
2011-03-12T02:24:00Z,4798.49453,2011-03-12T02:25:00Z,False,4798.52904,0.03451,71.100694,32401
2011-03-12T02:24:00Z,4798.49453,2011-03-12T02:25:15Z,False,4798.53203,0.03751,71.100868,32401
2011-03-12T02:24:00Z,4798.49486,2011-03-12T02:25:30Z,False,4798.53404,0.03918,71.101042,32401
2011-03-12T02:24:00Z,4798.49486,2011-03-12T02:25:45Z,False,4798.53504,0.04018,71.101215,32401
2011-03-12T02:24:00Z,4798.49518,2011-03-12T02:26:00Z,False,4798.53704,0.04185,71.101389,32401
2011-03-12T02:24:00Z,4798.49518,2011-03-12T02:26:15Z,False,4798.53804,0.04285,71.101562,32401
2011-03-12T02:24:00Z,4798.49551,2011-03-12T02:26:30Z,False,4798.54003,0.04453,71.101736,32401
2011-03-12T02:24:00Z,4798.49583,2011-03-12T02:26:45Z,False,4798.54104,0.0452,71.101910,32401
2011-03-12T02:24:00Z,4798.49583,2011-03-12T02:27:00Z,False,4798.54204,0.0462,71.102083,32401
2011-03-12T02:24:00Z,4798.49616,2011-03-12T02:27:15Z,False,4798.54304,0.04687,71.102257,32401
2011-03-12T02:24:00Z,4798.49616,2011-03-12T02:27:30Z,False,4798.54403,0.04787,71.102431,32401
2011-03-12T02:24:00Z,4798.49649,2011-03-12T02:27:45Z,False,4798.54504,0.04855,71.102604,32401
2011-03-12T02:24:00Z,4798.49649,2011-03-12T02:28:00Z,False,4798.54504,0.04855,71.102778,32401
2011-03-12T02:24:00Z,4798.49682,2011-03-12T02:28:15Z,False,4798.54704,0.05022,71.102951,32401
2011-03-12T02:24:00Z,4798.49715,2011-03-12T02:29:00Z,False,4798.54803,0.05089,71.103472,32401
2011-03-12T02:24:00Z,4798.49813,2011-03-12T02:30:00Z,False,4798.54704,0.04891,71.104167,32401
2011-03-12T02:24:00Z,4798.49878,2011-03-12T02:31:00Z,False,4798.54304,0.04426,71.104861,32401
2011-03-12T02:24:00Z,4798.49943,2011-03-12T02:32:00Z,False,4798.53603,0.0366,71.105556,32401
2011-03-12T02:24:00Z,4798.50009,2011-03-12T02:33:00Z,False,4798.52704,0.02695,71.106250,32401
2011-03-12T02:24:00Z,4798.50074,2011-03-12T02:34:00Z,False,4798.51904,0.01829,71.106944,32401
2011-03-12T02:24:00Z,4798.50139,2011-03-12T02:35:00Z,False,4798.51004,0.00864,71.107639,32401
2011-03-12T02:24:00Z,4798.50238,2011-03-12T02:36:00Z,False,4798.50403,0.00166,71.108333,32401
2011-03-12T02:24:00Z,4798.50303,2011-03-12T02:37:00Z,False,4798.49904,-0.00399,71.109028,32401
2011-03-12T02:24:00Z,4798.50369,2011-03-12T02:38:00Z,False,4798.49603,-0.00765,71.109722,32401
2011-03-12T02:24:00Z,4798.50434,2011-03-12T02:39:00Z,False,4798.49904,-0.00531,71.110417,32401
2011-03-12T02:27:30Z,4798.48635,2011-03-12T02:13:00Z,False,4798.47803,-0.00831,71.092361,32401
2011-03-12T02:27:30Z,4798.487,2011-03-12T02:14:00Z,False,4798.47604,-0.01097,71.093056,32401
2011-03-12T02:27:30Z,4798.48766,2011-03-12T02:15:00Z,False,4798.47803,-0.00962,71.093750,32401
2011-03-12T02:27:30Z,4798.48831,2011-03-12T02:16:00Z,False,4798.47904,-0.00927,71.094444,32401
2011-03-12T02:27:30Z,4798.48897,2011-03-12T02:17:00Z,False,4798.48103,-0.00793,71.095139,32401
2011-03-12T02:27:30Z,4798.48962,2011-03-12T02:18:00Z,False,4798.48403,-0.00558,71.095833,32401
2011-03-12T02:27:30Z,4798.49027,2011-03-12T02:19:00Z,False,4798.48803,-0.00224,71.096528,32401
2011-03-12T02:27:30Z,4798.49093,2011-03-12T02:20:00Z,False,4798.49404,0.00311,71.097222,32401
2011-03-12T02:27:30Z,4798.49158,2011-03-12T02:21:00Z,False,4798.50003,0.00846,71.097917,32401
2011-03-12T02:27:30Z,4798.49224,2011-03-12T02:22:00Z,False,4798.50704,0.0148,71.098611,32401
2011-03-12T02:27:30Z,4798.49322,2011-03-12T02:23:00Z,False,4798.51404,0.02082,71.099306,32401
2011-03-12T02:27:30Z,4798.49387,2011-03-12T02:24:00Z,False,4798.52304,0.02917,71.100000,32401
2011-03-12T02:27:30Z,4798.4942,2011-03-12T02:24:30Z,False,4798.52403,0.02984,71.100347,32401
2011-03-12T02:27:30Z,4798.4942,2011-03-12T02:24:45Z,False,4798.52704,0.03284,71.100521,32401
2011-03-12T02:27:30Z,4798.49453,2011-03-12T02:25:00Z,False,4798.52904,0.03451,71.100694,32401
2011-03-12T02:27:30Z,4798.49453,2011-03-12T02:25:15Z,False,4798.53203,0.03751,71.100868,32401
2011-03-12T02:27:30Z,4798.49486,2011-03-12T02:25:30Z,False,4798.53404,0.03918,71.101042,32401
2011-03-12T02:27:30Z,4798.49486,2011-03-12T02:25:45Z,False,4798.53504,0.04018,71.101215,32401
2011-03-12T02:27:30Z,4798.49518,2011-03-12T02:26:00Z,False,4798.53704,0.04185,71.101389,32401
2011-03-12T02:27:30Z,4798.49518,2011-03-12T02:26:15Z,False,4798.53804,0.04285,71.101562,32401
2011-03-12T02:27:30Z,4798.49551,2011-03-12T02:26:30Z,False,4798.54003,0.04453,71.101736,32401
2011-03-12T02:27:30Z,4798.49583,2011-03-12T02:26:45Z,False,4798.54104,0.0452,71.101910,32401
2011-03-12T02:27:30Z,4798.49583,2011-03-12T02:27:00Z,False,4798.54204,0.0462,71.102083,32401
2011-03-12T02:27:30Z,4798.49616,2011-03-12T02:27:15Z,False,4798.54304,0.04687,71.102257,32401
2011-03-12T02:27:30Z,4798.49616,2011-03-12T02:27:30Z,False,4798.54403,0.04787,71.102431,32401
2011-03-12T02:27:30Z,4798.49649,2011-03-12T02:27:45Z,False,4798.54504,0.04855,71.102604,32401
2011-03-12T02:27:30Z,4798.49649,2011-03-12T02:28:00Z,False,4798.54504,0.04855,71.102778,32401
2011-03-12T02:27:30Z,4798.49682,2011-03-12T02:28:15Z,False,4798.54704,0.05022,71.102951,32401
2011-03-12T02:27:30Z,4798.49715,2011-03-12T02:29:00Z,False,4798.54803,0.05089,71.103472,32401
2011-03-12T02:27:30Z,4798.49813,2011-03-12T02:30:00Z,False,4798.54704,0.04891,71.104167,32401
2011-03-12T02:27:30Z,4798.49878,2011-03-12T02:31:00Z,False,4798.54304,0.04426,71.104861,32401
2011-03-12T02:27:30Z,4798.49943,2011-03-12T02:32:00Z,False,4798.53603,0.0366,71.105556,32401
2011-03-12T02:27:30Z,4798.50009,2011-03-12T02:33:00Z,False,4798.52704,0.02695,71.106250,32401
2011-03-12T02:27:30Z,4798.50074,2011-03-12T02:34:00Z,False,4798.51904,0.01829,71.106944,32401
2011-03-12T02:27:30Z,4798.50139,2011-03-12T02:35:00Z,False,4798.51004,0.00864,71.107639,32401
2011-03-12T02:27:30Z,4798.50238,2011-03-12T02:36:00Z,False,4798.50403,0.00166,71.108333,32401
2011-03-12T02:27:30Z,4798.50303,2011-03-12T02:37:00Z,False,4798.49904,-0.00399,71.109028,32401
2011-03-12T02:27:30Z,4798.50369,2011-03-12T02:38:00Z,False,4798.49603,-0.00765,71.109722,32401
2011-03-12T02:27:30Z,4798.50434,2011-03-12T02:39:00Z,False,4798.49904,-0.00531,71.110417,32401
2011-03-12T02:27:30Z,4798.50499,2011-03-12T02:40:00Z,False,4798.50403,-0.00096,71.111111,32401
2011-03-12T02:27:30Z,4798.50598,2011-03-12T02:41:00Z,False,4798.51004,0.00406,71.111806,32401
2011-03-12T02:27:30Z,4798.50663,2011-03-12T02:42:00Z,False,4798.52204,0.0154,71.112500,32401
2011-03-11T15:00:00Z,4260.01409,2011-03-11T14:45:00Z,False,4260.01482,0.00073,70.614583,46411
2011-03-11T15:00:00Z,4260.01278,2011-03-11T14:45:15Z,False,4260.01482,0.00204,70.614757,46411
2011-03-11T15:00:00Z,4260.0118,2011-03-11T14:45:30Z,False,4260.0158,0.00401,70.614931,46411
2011-03-11T15:00:00Z,4260.01049,2011-03-11T14:45:45Z,False,4260.01482,0.00433,70.615104,46411
2011-03-11T15:00:00Z,4260.00918,2011-03-11T14:46:00Z,False,4260.01287,0.00369,70.615278,46411
2011-03-11T15:00:00Z,4260.0082,2011-03-11T14:46:15Z,False,4260.01091,0.00271,70.615451,46411
2011-03-11T15:00:00Z,4260.00689,2011-03-11T14:46:30Z,False,4260.00896,0.00207,70.615625,46411
2011-03-11T15:00:00Z,4260.00558,2011-03-11T14:46:45Z,False,4260.00603,0.00045,70.615799,46411
2011-03-11T15:00:00Z,4260.00427,2011-03-11T14:47:00Z,False,4260.00505,0.00078,70.615972,46411
2011-03-11T15:00:00Z,4260.00329,2011-03-11T14:47:15Z,False,4260.0031,-0.00019,70.616146,46411
2011-03-11T15:00:00Z,4260.00198,2011-03-11T14:47:30Z,False,4260.00212,0.00014,70.616319,46411
2011-03-11T15:00:00Z,4260.00067,2011-03-11T14:47:45Z,False,4260.00115,0.00048,70.616493,46411
2011-03-11T15:00:00Z,4259.9997,2011-03-11T14:48:00Z,False,4260.00017,0.00048,70.616667,46411
2011-03-11T15:00:00Z,4259.99838,2011-03-11T14:48:15Z,False,4259.99822,-0.00016,70.616840,46411
2011-03-11T15:00:00Z,4259.99708,2011-03-11T14:48:30Z,False,4259.99578,-0.00129,70.617014,46411
2011-03-11T15:00:00Z,4259.99609,2011-03-11T14:48:45Z,False,4259.9948,-0.00129,70.617188,46411
2011-03-11T15:00:00Z,4259.99478,2011-03-11T14:49:00Z,False,4259.9948,1e-05,70.617361,46411
2011-03-11T15:00:00Z,4259.99348,2011-03-11T14:49:15Z,False,4259.99578,0.0023,70.617535,46411
2011-03-11T15:00:00Z,4259.99249,2011-03-11T14:49:30Z,False,4259.9948,0.0023,70.617708,46411
2011-03-11T15:00:00Z,4259.99119,2011-03-11T14:49:45Z,False,4259.99285,0.00166,70.617882,46411
2011-03-11T15:00:00Z,4259.98988,2011-03-11T14:50:00Z,False,4259.98992,4e-05,70.618056,46411
2011-03-11T15:00:00Z,4259.98889,2011-03-11T14:50:15Z,False,4259.98699,-0.0019,70.618229,46411
2011-03-11T15:00:00Z,4259.98759,2011-03-11T14:50:30Z,False,4259.98406,-0.00352,70.618403,46411
2011-03-11T15:00:00Z,4259.98628,2011-03-11T14:50:45Z,False,4259.98406,-0.00222,70.618576,46411
2011-03-11T15:00:00Z,4259.9853,2011-03-11T14:51:00Z,False,4259.98406,-0.00124,70.618750,46411
2011-03-11T15:00:00Z,4259.98399,2011-03-11T14:51:15Z,False,4259.98406,7e-05,70.618924,46411
2011-03-11T15:00:00Z,4259.98268,2011-03-11T14:51:30Z,False,4259.98406,0.00138,70.619097,46411
2011-03-11T15:00:00Z,4259.9817,2011-03-11T14:51:45Z,False,4259.98113,-0.00057,70.619271,46411
2011-03-11T15:00:00Z,4259.98039,2011-03-11T14:52:00Z,False,4259.97918,-0.00121,70.619444,46411
2011-03-11T15:00:00Z,4259.97908,2011-03-11T14:52:15Z,False,4259.97722,-0.00186,70.619618,46411
2011-03-11T15:00:00Z,4259.9781,2011-03-11T14:52:30Z,False,4259.97576,-0.00234,70.619792,46411
2011-03-11T15:00:00Z,4259.97679,2011-03-11T14:52:45Z,False,4259.97576,-0.00103,70.619965,46411
2011-03-11T15:00:00Z,4259.97548,2011-03-11T14:53:00Z,False,4259.97478,-0.0007,70.620139,46411
2011-03-11T15:00:00Z,4259.9745,2011-03-11T14:53:15Z,False,4259.97283,-0.00167,70.620312,46411
2011-03-11T15:00:00Z,4259.9732,2011-03-11T14:53:30Z,False,4259.97087,-0.00232,70.620486,46411
2011-03-11T15:00:00Z,4259.97188,2011-03-11T14:53:45Z,False,4259.97185,-3e-05,70.620660,46411
2011-03-11T15:00:00Z,4259.97091,2011-03-11T14:54:00Z,False,4259.97185,0.00095,70.620833,46411
2011-03-11T15:00:00Z,4259.96959,2011-03-11T14:54:15Z,False,4259.97185,0.00226,70.621007,46411
2011-03-11T15:00:00Z,4259.96829,2011-03-11T14:54:30Z,False,4259.9699,0.00161,70.621181,46411
2011-03-11T15:00:00Z,4259.96731,2011-03-11T14:54:45Z,False,4259.96697,-0.00034,70.621354,46411
2011-03-11T15:00:00Z,4259.96599,2011-03-11T14:55:00Z,False,4259.96599,-1e-05,70.621528,46411
2011-03-11T15:00:00Z,4259.96469,2011-03-11T14:55:15Z,False,4259.96599,0.00131,70.621701,46411
2011-03-11T15:00:00Z,4259.96371,2011-03-11T14:55:30Z,False,4259.96697,0.00326,70.621875,46411
2011-03-11T15:00:00Z,4259.9624,2011-03-11T14:55:45Z,False,4259.96794,0.00554,70.622049,46411
2011-03-11T15:00:00Z,4259.96109,2011-03-11T14:56:00Z,False,4259.96794,0.00685,70.622222,46411
2011-03-11T15:00:00Z,4259.9601,2011-03-11T14:56:15Z,False,4259.96794,0.00783,70.622396,46411
2011-03-11T15:00:00Z,4259.9588,2011-03-11T14:56:30Z,False,4259.96697,0.00817,70.622569,46411
2011-03-11T15:00:00Z,4259.95749,2011-03-11T14:56:45Z,False,4259.96697,0.00948,70.622743,46411
2011-03-11T15:00:00Z,4259.95651,2011-03-11T14:57:00Z,False,4259.96697,0.01047,70.622917,46411
2011-03-11T15:00:00Z,4259.9552,2011-03-11T14:57:15Z,False,4259.96892,0.01372,70.623090,46411
2011-03-11T15:00:00Z,4259.95422,2011-03-11T14:57:30Z,False,4259.96892,0.01471,70.623264,46411
2011-03-11T15:00:00Z,4259.95291,2011-03-11T14:57:45Z,False,4259.97087,0.01796,70.623437,46411
2011-03-11T15:00:00Z,4259.9516,2011-03-11T14:58:00Z,False,4259.97283,0.02123,70.623611,46411
2011-03-11T15:00:00Z,4259.95062,2011-03-11T14:58:15Z,False,4259.97478,0.02416,70.623785,46411
2011-03-11T15:00:00Z,4259.94931,2011-03-11T14:58:30Z,False,4259.9782,0.02889,70.623958,46411
2011-03-11T15:00:00Z,4259.948,2011-03-11T14:58:45Z,False,4259.97918,0.03118,70.624132,46411
2011-03-11T15:00:00Z,4259.94702,2011-03-11T14:59:00Z,False,4259.98113,0.03411,70.624306,46411
2011-03-11T15:00:00Z,4259.94571,2011-03-11T14:59:15Z,False,4259.98308,0.03737,70.624479,46411
2011-03-11T15:00:00Z,4259.94473,2011-03-11T14:59:30Z,False,4259.98504,0.0403,70.624653,46411
2011-03-11T15:00:00Z,4259.94342,2011-03-11T14:59:45Z,False,4259.98796,0.04454,70.624826,46411
2011-03-11T15:00:00Z,4259.94212,2011-03-11T15:00:00Z,False,4259.99089,0.04878,70.625000,46411
2011-03-11T15:00:00Z,4259.94113,2011-03-11T15:00:15Z,False,4259.99382,0.05269,70.625174,46411
2011-03-11T15:00:00Z,4259.93982,2011-03-11T15:00:30Z,False,4259.99919,0.05937,70.625347,46411
2011-03-11T15:00:00Z,4259.93885,2011-03-11T15:00:45Z,False,4260.00212,0.06328,70.625521,46411
2011-03-11T15:00:00Z,4259.93753,2011-03-11T15:01:00Z,False,4260.00701,0.06948,70.625694,46411
2011-03-11T15:00:00Z,4259.93623,2011-03-11T15:01:15Z,False,4260.0119,0.07567,70.625868,46411
2011-03-11T15:00:00Z,4259.93524,2011-03-11T15:01:30Z,False,4260.0158,0.08056,70.626042,46411
2011-03-11T15:00:00Z,4259.93393,2011-03-11T15:01:45Z,False,4260.01921,0.08528,70.626215,46411
2011-03-11T15:00:00Z,4259.93263,2011-03-11T15:02:00Z,False,4260.0241,0.09148,70.626389,46411
2011-03-11T15:00:00Z,4259.93164,2011-03-11T15:02:15Z,False,4260.028,0.09636,70.626563,46411
2011-03-11T15:00:00Z,4259.93034,2011-03-11T15:02:30Z,False,4260.03289,0.10256,70.626736,46411
2011-03-11T15:00:00Z,4259.92936,2011-03-11T15:02:45Z,False,4260.04021,0.11086,70.626910,46411
2011-03-11T15:00:00Z,4259.92805,2011-03-11T15:03:00Z,False,4260.04607,0.11803,70.627083,46411
2011-03-11T15:00:00Z,4259.92707,2011-03-11T15:03:15Z,False,4260.05193,0.12487,70.627257,46411
2011-03-11T15:00:00Z,4259.92575,2011-03-11T15:03:30Z,False,4260.05681,0.13106,70.627431,46411
2011-03-11T15:00:00Z,4259.92445,2011-03-11T15:03:45Z,False,4260.06219,0.13773,70.627604,46411
2011-03-11T15:00:00Z,4259.92347,2011-03-11T15:04:00Z,False,4260.06609,0.14262,70.627778,46411
2011-03-11T15:00:00Z,4259.92216,2011-03-11T15:04:15Z,False,4260.06804,0.14589,70.627951,46411
2011-03-11T15:00:00Z,4259.92118,2011-03-11T15:04:30Z,False,4260.07097,0.1498,70.628125,46411
2011-03-11T15:00:00Z,4259.91987,2011-03-11T15:04:45Z,False,4260.07488,0.15502,70.628299,46411
2011-03-11T15:00:00Z,4259.91856,2011-03-11T15:05:00Z,False,4260.08074,0.16218,70.628472,46411
2011-03-11T15:00:00Z,4259.91758,2011-03-11T15:05:15Z,False,4260.08611,0.16853,70.628646,46411
2011-03-11T15:00:00Z,4259.91627,2011-03-11T15:05:30Z,False,4260.09002,0.17375,70.628819,46411
2011-03-11T15:00:00Z,4259.91529,2011-03-11T15:05:45Z,False,4260.09392,0.17864,70.628993,46411
2011-03-11T15:00:00Z,4259.91398,2011-03-11T15:06:00Z,False,4260.09587,0.18189,70.629167,46411
2011-03-11T15:00:00Z,4259.913,2011-03-11T15:06:15Z,False,4260.09783,0.18483,70.629340,46411
2011-03-11T15:00:00Z,4259.91169,2011-03-11T15:06:30Z,False,4260.0988,0.18711,70.629514,46411
2011-03-11T15:00:00Z,4259.91038,2011-03-11T15:06:45Z,False,4260.0988,0.18842,70.629688,46411
2011-03-11T15:00:00Z,4259.9094,2011-03-11T15:07:00Z,False,4260.09784,0.18843,70.629861,46411
2011-03-11T15:00:00Z,4259.90809,2011-03-11T15:07:15Z,False,4260.09587,0.18778,70.630035,46411
2011-03-11T15:00:00Z,4259.90711,2011-03-11T15:07:30Z,False,4260.0949,0.18779,70.630208,46411
2011-03-11T15:00:00Z,4259.9058,2011-03-11T15:07:45Z,False,4260.09295,0.18714,70.630382,46411
2011-03-11T15:00:00Z,4259.90482,2011-03-11T15:08:00Z,False,4260.09002,0.1852,70.630556,46411
2011-03-11T15:00:00Z,4259.90351,2011-03-11T15:08:15Z,False,4260.08611,0.1826,70.630729,46411
2011-03-11T15:00:00Z,4259.90253,2011-03-11T15:08:30Z,False,4260.07977,0.17724,70.630903,46411
2011-03-11T15:00:00Z,4259.90122,2011-03-11T15:08:45Z,False,4260.0739,0.17269,70.631076,46411
2011-03-11T15:00:00Z,4259.89991,2011-03-11T15:09:00Z,False,4260.06903,0.16911,70.631250,46411
2011-03-11T15:00:00Z,4259.89893,2011-03-11T15:09:15Z,False,4260.06414,0.16522,70.631424,46411
2011-03-11T15:00:00Z,4259.89762,2011-03-11T15:09:30Z,False,4260.05681,0.15919,70.631597,46411
2011-03-11T15:00:00Z,4259.89664,2011-03-11T15:09:45Z,False,4260.04901,0.15236,70.631771,46411
2011-03-11T15:00:00Z,4259.89533,2011-03-11T15:10:00Z,False,4260.03876,0.14342,70.631944,46411
2011-03-11T15:00:00Z,4259.89435,2011-03-11T15:10:15Z,False,4260.02898,0.13464,70.632118,46411
2011-03-11T15:00:00Z,4259.89304,2011-03-11T15:10:30Z,False,4260.01677,0.12373,70.632292,46411
2011-03-11T15:00:00Z,4259.89206,2011-03-11T15:10:45Z,False,4260.00603,0.11397,70.632465,46411
2011-03-11T15:00:00Z,4259.89075,2011-03-11T15:11:00Z,False,4259.99383,0.10307,70.632639,46411
2011-03-11T15:00:00Z,4259.88977,2011-03-11T15:11:15Z,False,4259.9821,0.09233,70.632812,46411
2011-03-11T15:00:00Z,4259.88846,2011-03-11T15:11:30Z,False,4259.96794,0.07948,70.632986,46411
2011-03-11T15:00:00Z,4259.88748,2011-03-11T15:11:45Z,False,4259.95379,0.0663,70.633160,46411
2011-03-11T15:00:00Z,4259.88617,2011-03-11T15:12:00Z,False,4259.93915,0.05297,70.633333,46411
2011-03-11T15:00:00Z,4259.88519,2011-03-11T15:12:15Z,False,4259.92498,0.03979,70.633507,46411
2011-03-11T15:00:00Z,4259.88388,2011-03-11T15:12:30Z,False,4259.91179,0.02791,70.633681,46411
2011-03-11T15:00:00Z,4259.8829,2011-03-11T15:12:45Z,False,4259.89812,0.01522,70.633854,46411
2011-03-11T15:00:00Z,4259.88159,2011-03-11T15:13:00Z,False,4259.88397,0.00237,70.634028,46411
2011-03-11T15:00:00Z,4259.88061,2011-03-11T15:13:15Z,False,4259.86882,-0.01179,70.634201,46411
2011-03-11T15:00:00Z,4259.8793,2011-03-11T15:13:30Z,False,4259.85516,-0.02415,70.634375,46411
2011-03-11T15:00:00Z,4259.87832,2011-03-11T15:13:45Z,False,4259.84099,-0.03733,70.634549,46411
2011-03-11T15:00:00Z,4259.87701,2011-03-11T15:14:00Z,False,4259.82781,-0.0492,70.634722,46411
2011-03-11T15:00:00Z,4259.87603,2011-03-11T15:14:15Z,False,4259.81707,-0.05895,70.634896,46411
2011-03-11T15:00:00Z,4259.87472,2011-03-11T15:14:30Z,False,4259.80584,-0.06888,70.635069,46411
2011-03-11T15:00:00Z,4259.87374,2011-03-11T15:14:45Z,False,4259.79413,-0.07962,70.635243,46411
2011-03-11T15:00:00Z,4259.87243,2011-03-11T15:15:00Z,False,4259.7829,-0.08954,70.635417,46411
2011-03-11T15:01:00Z,4260.00918,2011-03-11T14:46:00Z,False,4260.01287,0.00369,70.615278,46411
2011-03-11T15:01:00Z,4260.0082,2011-03-11T14:46:15Z,False,4260.01091,0.00271,70.615451,46411
2011-03-11T15:01:00Z,4260.00689,2011-03-11T14:46:30Z,False,4260.00896,0.00207,70.615625,46411
2011-03-11T15:01:00Z,4260.00558,2011-03-11T14:46:45Z,False,4260.00603,0.00045,70.615799,46411
2011-03-11T15:01:00Z,4260.00427,2011-03-11T14:47:00Z,False,4260.00505,0.00078,70.615972,46411
2011-03-11T15:01:00Z,4260.00329,2011-03-11T14:47:15Z,False,4260.0031,-0.00019,70.616146,46411
2011-03-11T15:01:00Z,4260.00198,2011-03-11T14:47:30Z,False,4260.00212,0.00014,70.616319,46411
2011-03-11T15:01:00Z,4260.00067,2011-03-11T14:47:45Z,False,4260.00115,0.00048,70.616493,46411
2011-03-11T15:01:00Z,4259.9997,2011-03-11T14:48:00Z,False,4260.00017,0.00048,70.616667,46411
2011-03-11T15:01:00Z,4259.99838,2011-03-11T14:48:15Z,False,4259.99822,-0.00016,70.616840,46411
2011-03-11T15:01:00Z,4259.99708,2011-03-11T14:48:30Z,False,4259.99578,-0.00129,70.617014,46411
2011-03-11T15:01:00Z,4259.99609,2011-03-11T14:48:45Z,False,4259.9948,-0.00129,70.617188,46411
2011-03-11T15:01:00Z,4259.99478,2011-03-11T14:49:00Z,False,4259.9948,1e-05,70.617361,46411
2011-03-11T15:01:00Z,4259.99348,2011-03-11T14:49:15Z,False,4259.99578,0.0023,70.617535,46411
2011-03-11T15:01:00Z,4259.99249,2011-03-11T14:49:30Z,False,4259.9948,0.0023,70.617708,46411
2011-03-11T15:01:00Z,4259.99119,2011-03-11T14:49:45Z,False,4259.99285,0.00166,70.617882,46411
2011-03-11T15:01:00Z,4259.98988,2011-03-11T14:50:00Z,False,4259.98992,4e-05,70.618056,46411
2011-03-11T15:01:00Z,4259.98889,2011-03-11T14:50:15Z,False,4259.98699,-0.0019,70.618229,46411
2011-03-11T15:01:00Z,4259.98759,2011-03-11T14:50:30Z,False,4259.98406,-0.00352,70.618403,46411
2011-03-11T15:01:00Z,4259.98628,2011-03-11T14:50:45Z,False,4259.98406,-0.00222,70.618576,46411
2011-03-11T15:01:00Z,4259.9853,2011-03-11T14:51:00Z,False,4259.98406,-0.00124,70.618750,46411
2011-03-11T15:01:00Z,4259.98399,2011-03-11T14:51:15Z,False,4259.98406,7e-05,70.618924,46411
2011-03-11T15:01:00Z,4259.98268,2011-03-11T14:51:30Z,False,4259.98406,0.00138,70.619097,46411
2011-03-11T15:01:00Z,4259.9817,2011-03-11T14:51:45Z,False,4259.98113,-0.00057,70.619271,46411
2011-03-11T15:01:00Z,4259.98039,2011-03-11T14:52:00Z,False,4259.97918,-0.00121,70.619444,46411
2011-03-11T15:01:00Z,4259.97908,2011-03-11T14:52:15Z,False,4259.97722,-0.00186,70.619618,46411
2011-03-11T15:01:00Z,4259.9781,2011-03-11T14:52:30Z,False,4259.97576,-0.00234,70.619792,46411
2011-03-11T15:01:00Z,4259.97679,2011-03-11T14:52:45Z,False,4259.97576,-0.00103,70.619965,46411
2011-03-11T15:01:00Z,4259.97548,2011-03-11T14:53:00Z,False,4259.97478,-0.0007,70.620139,46411
2011-03-11T15:01:00Z,4259.9745,2011-03-11T14:53:15Z,False,4259.97283,-0.00167,70.620312,46411
2011-03-11T15:01:00Z,4259.9732,2011-03-11T14:53:30Z,False,4259.97087,-0.00232,70.620486,46411
2011-03-11T15:01:00Z,4259.97188,2011-03-11T14:53:45Z,False,4259.97185,-3e-05,70.620660,46411
2011-03-11T15:01:00Z,4259.97091,2011-03-11T14:54:00Z,False,4259.97185,0.00095,70.620833,46411
2011-03-11T15:01:00Z,4259.96959,2011-03-11T14:54:15Z,False,4259.97185,0.00226,70.621007,46411
2011-03-11T15:01:00Z,4259.96829,2011-03-11T14:54:30Z,False,4259.9699,0.00161,70.621181,46411
2011-03-11T15:01:00Z,4259.96731,2011-03-11T14:54:45Z,False,4259.96697,-0.00034,70.621354,46411
2011-03-11T15:01:00Z,4259.96599,2011-03-11T14:55:00Z,False,4259.96599,-1e-05,70.621528,46411
2011-03-11T15:01:00Z,4259.96469,2011-03-11T14:55:15Z,False,4259.96599,0.00131,70.621701,46411
2011-03-11T15:01:00Z,4259.96371,2011-03-11T14:55:30Z,False,4259.96697,0.00326,70.621875,46411
2011-03-11T15:01:00Z,4259.9624,2011-03-11T14:55:45Z,False,4259.96794,0.00554,70.622049,46411
2011-03-11T15:01:00Z,4259.96109,2011-03-11T14:56:00Z,False,4259.96794,0.00685,70.622222,46411
2011-03-11T15:01:00Z,4259.9601,2011-03-11T14:56:15Z,False,4259.96794,0.00783,70.622396,46411
2011-03-11T15:01:00Z,4259.9588,2011-03-11T14:56:30Z,False,4259.96697,0.00817,70.622569,46411
2011-03-11T15:01:00Z,4259.95749,2011-03-11T14:56:45Z,False,4259.96697,0.00948,70.622743,46411
2011-03-11T15:01:00Z,4259.95651,2011-03-11T14:57:00Z,False,4259.96697,0.01047,70.622917,46411
2011-03-11T15:01:00Z,4259.9552,2011-03-11T14:57:15Z,False,4259.96892,0.01372,70.623090,46411
2011-03-11T15:01:00Z,4259.95422,2011-03-11T14:57:30Z,False,4259.96892,0.01471,70.623264,46411
2011-03-11T15:01:00Z,4259.95291,2011-03-11T14:57:45Z,False,4259.97087,0.01796,70.623437,46411
2011-03-11T15:01:00Z,4259.9516,2011-03-11T14:58:00Z,False,4259.97283,0.02123,70.623611,46411
2011-03-11T15:01:00Z,4259.95062,2011-03-11T14:58:15Z,False,4259.97478,0.02416,70.623785,46411
2011-03-11T15:01:00Z,4259.94931,2011-03-11T14:58:30Z,False,4259.9782,0.02889,70.623958,46411
2011-03-11T15:01:00Z,4259.948,2011-03-11T14:58:45Z,False,4259.97918,0.03118,70.624132,46411
2011-03-11T15:01:00Z,4259.94702,2011-03-11T14:59:00Z,False,4259.98113,0.03411,70.624306,46411
2011-03-11T15:01:00Z,4259.94571,2011-03-11T14:59:15Z,False,4259.98308,0.03737,70.624479,46411
2011-03-11T15:01:00Z,4259.94473,2011-03-11T14:59:30Z,False,4259.98504,0.0403,70.624653,46411
2011-03-11T15:01:00Z,4259.94342,2011-03-11T14:59:45Z,False,4259.98796,0.04454,70.624826,46411
2011-03-11T15:01:00Z,4259.94212,2011-03-11T15:00:00Z,False,4259.99089,0.04878,70.625000,46411
2011-03-11T15:01:00Z,4259.94113,2011-03-11T15:00:15Z,False,4259.99382,0.05269,70.625174,46411
2011-03-11T15:01:00Z,4259.93982,2011-03-11T15:00:30Z,False,4259.99919,0.05937,70.625347,46411
2011-03-11T15:01:00Z,4259.93885,2011-03-11T15:00:45Z,False,4260.00212,0.06328,70.625521,46411
2011-03-11T15:01:00Z,4259.93753,2011-03-11T15:01:00Z,False,4260.00701,0.06948,70.625694,46411
2011-03-11T15:01:00Z,4259.93623,2011-03-11T15:01:15Z,False,4260.0119,0.07567,70.625868,46411
2011-03-11T15:01:00Z,4259.93524,2011-03-11T15:01:30Z,False,4260.0158,0.08056,70.626042,46411
2011-03-11T15:01:00Z,4259.93393,2011-03-11T15:01:45Z,False,4260.01921,0.08528,70.626215,46411
2011-03-11T15:01:00Z,4259.93263,2011-03-11T15:02:00Z,False,4260.0241,0.09148,70.626389,46411
2011-03-11T15:01:00Z,4259.93164,2011-03-11T15:02:15Z,False,4260.028,0.09636,70.626563,46411
2011-03-11T15:01:00Z,4259.93034,2011-03-11T15:02:30Z,False,4260.03289,0.10256,70.626736,46411
2011-03-11T15:01:00Z,4259.92936,2011-03-11T15:02:45Z,False,4260.04021,0.11086,70.626910,46411
2011-03-11T15:01:00Z,4259.92805,2011-03-11T15:03:00Z,False,4260.04607,0.11803,70.627083,46411
2011-03-11T15:01:00Z,4259.92707,2011-03-11T15:03:15Z,False,4260.05193,0.12487,70.627257,46411
2011-03-11T15:01:00Z,4259.92575,2011-03-11T15:03:30Z,False,4260.05681,0.13106,70.627431,46411
2011-03-11T15:01:00Z,4259.92445,2011-03-11T15:03:45Z,False,4260.06219,0.13773,70.627604,46411
2011-03-11T15:01:00Z,4259.92347,2011-03-11T15:04:00Z,False,4260.06609,0.14262,70.627778,46411
2011-03-11T15:01:00Z,4259.92216,2011-03-11T15:04:15Z,False,4260.06804,0.14589,70.627951,46411
2011-03-11T15:01:00Z,4259.92118,2011-03-11T15:04:30Z,False,4260.07097,0.1498,70.628125,46411
2011-03-11T15:01:00Z,4259.91987,2011-03-11T15:04:45Z,False,4260.07488,0.15502,70.628299,46411
2011-03-11T15:01:00Z,4259.91856,2011-03-11T15:05:00Z,False,4260.08074,0.16218,70.628472,46411
2011-03-11T15:01:00Z,4259.91758,2011-03-11T15:05:15Z,False,4260.08611,0.16853,70.628646,46411
2011-03-11T15:01:00Z,4259.91627,2011-03-11T15:05:30Z,False,4260.09002,0.17375,70.628819,46411
2011-03-11T15:01:00Z,4259.91529,2011-03-11T15:05:45Z,False,4260.09392,0.17864,70.628993,46411
2011-03-11T15:01:00Z,4259.91398,2011-03-11T15:06:00Z,False,4260.09587,0.18189,70.629167,46411
2011-03-11T15:01:00Z,4259.913,2011-03-11T15:06:15Z,False,4260.09783,0.18483,70.629340,46411
2011-03-11T15:01:00Z,4259.91169,2011-03-11T15:06:30Z,False,4260.0988,0.18711,70.629514,46411
2011-03-11T15:01:00Z,4259.91038,2011-03-11T15:06:45Z,False,4260.0988,0.18842,70.629688,46411
2011-03-11T15:01:00Z,4259.9094,2011-03-11T15:07:00Z,False,4260.09784,0.18843,70.629861,46411
2011-03-11T15:01:00Z,4259.90809,2011-03-11T15:07:15Z,False,4260.09587,0.18778,70.630035,46411
2011-03-11T15:01:00Z,4259.90711,2011-03-11T15:07:30Z,False,4260.0949,0.18779,70.630208,46411
2011-03-11T15:01:00Z,4259.9058,2011-03-11T15:07:45Z,False,4260.09295,0.18714,70.630382,46411
2011-03-11T15:01:00Z,4259.90482,2011-03-11T15:08:00Z,False,4260.09002,0.1852,70.630556,46411
2011-03-11T15:01:00Z,4259.90351,2011-03-11T15:08:15Z,False,4260.08611,0.1826,70.630729,46411
2011-03-11T15:01:00Z,4259.90253,2011-03-11T15:08:30Z,False,4260.07977,0.17724,70.630903,46411
2011-03-11T15:01:00Z,4259.90122,2011-03-11T15:08:45Z,False,4260.0739,0.17269,70.631076,46411
2011-03-11T15:01:00Z,4259.89991,2011-03-11T15:09:00Z,False,4260.06903,0.16911,70.631250,46411
2011-03-11T15:01:00Z,4259.89893,2011-03-11T15:09:15Z,False,4260.06414,0.16522,70.631424,46411
2011-03-11T15:01:00Z,4259.89762,2011-03-11T15:09:30Z,False,4260.05681,0.15919,70.631597,46411
2011-03-11T15:01:00Z,4259.89664,2011-03-11T15:09:45Z,False,4260.04901,0.15236,70.631771,46411
2011-03-11T15:01:00Z,4259.89533,2011-03-11T15:10:00Z,False,4260.03876,0.14342,70.631944,46411
2011-03-11T15:01:00Z,4259.89435,2011-03-11T15:10:15Z,False,4260.02898,0.13464,70.632118,46411
2011-03-11T15:01:00Z,4259.89304,2011-03-11T15:10:30Z,False,4260.01677,0.12373,70.632292,46411
2011-03-11T15:01:00Z,4259.89206,2011-03-11T15:10:45Z,False,4260.00603,0.11397,70.632465,46411
2011-03-11T15:01:00Z,4259.89075,2011-03-11T15:11:00Z,False,4259.99383,0.10307,70.632639,46411
2011-03-11T15:01:00Z,4259.88977,2011-03-11T15:11:15Z,False,4259.9821,0.09233,70.632812,46411
2011-03-11T15:01:00Z,4259.88846,2011-03-11T15:11:30Z,False,4259.96794,0.07948,70.632986,46411
2011-03-11T15:01:00Z,4259.88748,2011-03-11T15:11:45Z,False,4259.95379,0.0663,70.633160,46411
2011-03-11T15:01:00Z,4259.88617,2011-03-11T15:12:00Z,False,4259.93915,0.05297,70.633333,46411
2011-03-11T15:01:00Z,4259.88519,2011-03-11T15:12:15Z,False,4259.92498,0.03979,70.633507,46411
2011-03-11T15:01:00Z,4259.88388,2011-03-11T15:12:30Z,False,4259.91179,0.02791,70.633681,46411
2011-03-11T15:01:00Z,4259.8829,2011-03-11T15:12:45Z,False,4259.89812,0.01522,70.633854,46411
2011-03-11T15:01:00Z,4259.88159,2011-03-11T15:13:00Z,False,4259.88397,0.00237,70.634028,46411
2011-03-11T15:01:00Z,4259.88061,2011-03-11T15:13:15Z,False,4259.86882,-0.01179,70.634201,46411
2011-03-11T15:01:00Z,4259.8793,2011-03-11T15:13:30Z,False,4259.85516,-0.02415,70.634375,46411
2011-03-11T15:01:00Z,4259.87832,2011-03-11T15:13:45Z,False,4259.84099,-0.03733,70.634549,46411
2011-03-11T15:01:00Z,4259.87701,2011-03-11T15:14:00Z,False,4259.82781,-0.0492,70.634722,46411
2011-03-11T15:01:00Z,4259.87603,2011-03-11T15:14:15Z,False,4259.81707,-0.05895,70.634896,46411
2011-03-11T15:01:00Z,4259.87472,2011-03-11T15:14:30Z,False,4259.80584,-0.06888,70.635069,46411
2011-03-11T15:01:00Z,4259.87374,2011-03-11T15:14:45Z,False,4259.79413,-0.07962,70.635243,46411
2011-03-11T15:01:00Z,4259.87243,2011-03-11T15:15:00Z,False,4259.7829,-0.08954,70.635417,46411
2011-03-11T15:01:00Z,4259.87145,2011-03-11T15:15:15Z,False,4259.77019,-0.10126,70.635590,46411
2011-03-11T15:01:00Z,4259.87014,2011-03-11T15:15:30Z,False,4259.75896,-0.11118,70.635764,46411
2011-03-11T15:01:00Z,4259.86916,2011-03-11T15:15:45Z,False,4259.7492,-0.11996,70.635937,46411
2011-03-11T15:01:00Z,4259.86785,2011-03-11T15:16:00Z,False,4259.74089,-0.12696,70.636111,46411
2011-03-11T06:06:00Z,unknown,2011-03-11T05:51:00Z,False,2.037,unknown,2011-03-11 05:51,9419750
2011-03-11T06:06:00Z,unknown,2011-03-11T05:52:00Z,False,2.021,unknown,2011-03-11 05:52,9419750
2011-03-11T06:06:00Z,unknown,2011-03-11T05:53:00Z,False,2.018,unknown,2011-03-11 05:53,9419750
2011-03-11T06:06:00Z,unknown,2011-03-11T05:54:00Z,False,2.01,unknown,2011-03-11 05:54,9419750
2011-03-11T06:06:00Z,unknown,2011-03-11T05:55:00Z,False,1.998,unknown,2011-03-11 05:55,9419750
2011-03-11T06:06:00Z,unknown,2011-03-11T05:56:00Z,False,1.989,unknown,2011-03-11 05:56,9419750
2011-03-11T06:06:00Z,unknown,2011-03-11T05:57:00Z,False,1.971,unknown,2011-03-11 05:57,9419750
2011-03-11T06:06:00Z,unknown,2011-03-11T05:58:00Z,False,1.965,unknown,2011-03-11 05:58,9419750
2011-03-11T06:06:00Z,unknown,2011-03-11T05:59:00Z,False,1.987,unknown,2011-03-11 05:59,9419750
2011-03-11T06:06:00Z,unknown,2011-03-11T06:00:00Z,False,2.017,unknown,2011-03-11 06:00,9419750
2011-03-11T06:06:00Z,unknown,2011-03-11T06:01:00Z,False,2.033,unknown,2011-03-11 06:01,9419750
2011-03-11T06:06:00Z,unknown,2011-03-11T06:02:00Z,False,2.063,unknown,2011-03-11 06:02,9419750
2011-03-11T06:06:00Z,unknown,2011-03-11T06:03:00Z,False,2.074,unknown,2011-03-11 06:03,9419750
2011-03-11T06:06:00Z,unknown,2011-03-11T06:04:00Z,False,2.125,unknown,2011-03-11 06:04,9419750
2011-03-11T06:06:00Z,unknown,2011-03-11T06:05:00Z,False,2.16,unknown,2011-03-11 06:05,9419750
2011-03-11T06:06:00Z,unknown,2011-03-11T06:06:00Z,False,2.194,unknown,2011-03-11 06:06,9419750
2011-03-11T06:06:00Z,unknown,2011-03-11T06:07:00Z,False,2.219,unknown,2011-03-11 06:07,9419750
2011-03-11T06:06:00Z,unknown,2011-03-11T06:08:00Z,False,2.205,unknown,2011-03-11 06:08,9419750
2011-03-11T06:06:00Z,unknown,2011-03-11T06:09:00Z,False,2.192,unknown,2011-03-11 06:09,9419750
2011-03-11T06:06:00Z,unknown,2011-03-11T06:10:00Z,False,2.178,unknown,2011-03-11 06:10,9419750
2011-03-11T06:06:00Z,unknown,2011-03-11T06:11:00Z,False,2.165,unknown,2011-03-11 06:11,9419750
2011-03-11T06:06:00Z,unknown,2011-03-11T06:12:00Z,False,2.133,unknown,2011-03-11 06:12,9419750
2011-03-11T06:06:00Z,unknown,2011-03-11T06:13:00Z,False,2.132,unknown,2011-03-11 06:13,9419750
2011-03-11T06:06:00Z,unknown,2011-03-11T06:14:00Z,False,2.092,unknown,2011-03-11 06:14,9419750
2011-03-11T06:06:00Z,unknown,2011-03-11T06:15:00Z,False,2.069,unknown,2011-03-11 06:15,9419750
2011-03-11T06:06:00Z,unknown,2011-03-11T06:16:00Z,False,2.061,unknown,2011-03-11 06:16,9419750
2011-03-11T06:06:00Z,unknown,2011-03-11T06:17:00Z,False,2.047,unknown,2011-03-11 06:17,9419750
2011-03-11T06:06:00Z,unknown,2011-03-11T06:18:00Z,False,2.04,unknown,2011-03-11 06:18,9419750
2011-03-11T06:06:00Z,unknown,2011-03-11T06:19:00Z,False,2.061,unknown,2011-03-11 06:19,9419750
2011-03-11T06:06:00Z,unknown,2011-03-11T06:20:00Z,False,2.057,unknown,2011-03-11 06:20,9419750
2011-03-11T06:06:00Z,unknown,2011-03-11T06:21:00Z,False,2.09,unknown,2011-03-11 06:21,9419750
2011-03-11T07:31:00Z,unknown,2011-03-11T07:16:00Z,False,2.367,unknown,2011-03-11 07:16,9419750
2011-03-11T07:31:00Z,unknown,2011-03-11T07:17:00Z,False,2.367,unknown,2011-03-11 07:17,9419750
2011-03-11T07:31:00Z,unknown,2011-03-11T07:18:00Z,False,2.362,unknown,2011-03-11 07:18,9419750
2011-03-11T07:31:00Z,unknown,2011-03-11T07:19:00Z,False,2.382,unknown,2011-03-11 07:19,9419750
2011-03-11T07:31:00Z,unknown,2011-03-11T07:20:00Z,False,2.357,unknown,2011-03-11 07:20,9419750
2011-03-11T07:31:00Z,unknown,2011-03-11T07:21:00Z,False,2.368,unknown,2011-03-11 07:21,9419750
2011-03-11T07:31:00Z,unknown,2011-03-11T07:22:00Z,False,2.367,unknown,2011-03-11 07:22,9419750
2011-03-11T07:31:00Z,unknown,2011-03-11T07:23:00Z,False,2.353,unknown,2011-03-11 07:23,9419750
2011-03-11T07:31:00Z,unknown,2011-03-11T07:24:00Z,False,2.391,unknown,2011-03-11 07:24,9419750
2011-03-11T07:31:00Z,unknown,2011-03-11T07:25:00Z,False,2.37,unknown,2011-03-11 07:25,9419750
2011-03-11T07:31:00Z,unknown,2011-03-11T07:26:00Z,False,2.401,unknown,2011-03-11 07:26,9419750
2011-03-11T07:31:00Z,unknown,2011-03-11T07:27:00Z,False,2.395,unknown,2011-03-11 07:27,9419750
2011-03-11T07:31:00Z,unknown,2011-03-11T07:28:00Z,False,2.405,unknown,2011-03-11 07:28,9419750
2011-03-11T07:31:00Z,unknown,2011-03-11T07:29:00Z,False,2.42,unknown,2011-03-11 07:29,9419750
2011-03-11T07:31:00Z,unknown,2011-03-11T07:30:00Z,False,2.408,unknown,2011-03-11 07:30,9419750
2011-03-11T07:31:00Z,unknown,2011-03-11T07:31:00Z,False,2.455,unknown,2011-03-11 07:31,9419750
2011-03-11T07:31:00Z,unknown,2011-03-11T07:32:00Z,False,2.47,unknown,2011-03-11 07:32,9419750
2011-03-11T07:31:00Z,unknown,2011-03-11T07:33:00Z,False,2.451,unknown,2011-03-11 07:33,9419750
2011-03-11T07:31:00Z,unknown,2011-03-11T07:34:00Z,False,2.485,unknown,2011-03-11 07:34,9419750
2011-03-11T07:31:00Z,unknown,2011-03-11T07:35:00Z,False,2.466,unknown,2011-03-11 07:35,9419750
2011-03-11T07:31:00Z,unknown,2011-03-11T07:36:00Z,False,2.473,unknown,2011-03-11 07:36,9419750
2011-03-11T07:31:00Z,unknown,2011-03-11T07:37:00Z,False,2.485,unknown,2011-03-11 07:37,9419750
2011-03-11T07:31:00Z,unknown,2011-03-11T07:38:00Z,False,2.475,unknown,2011-03-11 07:38,9419750
2011-03-11T07:31:00Z,unknown,2011-03-11T07:39:00Z,False,2.493,unknown,2011-03-11 07:39,9419750
2011-03-11T07:31:00Z,unknown,2011-03-11T07:40:00Z,False,2.476,unknown,2011-03-11 07:40,9419750
2011-03-11T07:31:00Z,unknown,2011-03-11T07:41:00Z,False,2.449,unknown,2011-03-11 07:41,9419750
2011-03-11T07:31:00Z,unknown,2011-03-11T07:42:00Z,False,2.479,unknown,2011-03-11 07:42,9419750
2011-03-11T07:31:00Z,unknown,2011-03-11T07:43:00Z,False,2.467,unknown,2011-03-11 07:43,9419750
2011-03-11T07:31:00Z,unknown,2011-03-11T07:44:00Z,False,2.49,unknown,2011-03-11 07:44,9419750
2011-03-11T07:31:00Z,unknown,2011-03-11T07:45:00Z,False,2.464,unknown,2011-03-11 07:45,9419750
2011-03-11T07:31:00Z,unknown,2011-03-11T07:46:00Z,False,2.465,unknown,2011-03-11 07:46,9419750
2011-03-11T05:04:00Z,unknown,2011-03-11T04:49:00Z,False,1.185,unknown,2011-03-11 04:49,9461380
2011-03-11T05:04:00Z,unknown,2011-03-11T04:50:00Z,False,1.193,unknown,2011-03-11 04:50,9461380
2011-03-11T05:04:00Z,unknown,2011-03-11T04:51:00Z,False,1.187,unknown,2011-03-11 04:51,9461380
2011-03-11T05:04:00Z,unknown,2011-03-11T04:52:00Z,False,1.19,unknown,2011-03-11 04:52,9461380
2011-03-11T05:04:00Z,unknown,2011-03-11T04:53:00Z,False,1.195,unknown,2011-03-11 04:53,9461380
2011-03-11T05:04:00Z,unknown,2011-03-11T04:54:00Z,False,1.188,unknown,2011-03-11 04:54,9461380
2011-03-11T05:04:00Z,unknown,2011-03-11T04:55:00Z,False,1.19,unknown,2011-03-11 04:55,9461380
2011-03-11T05:04:00Z,unknown,2011-03-11T04:56:00Z,False,1.191,unknown,2011-03-11 04:56,9461380
2011-03-11T05:04:00Z,unknown,2011-03-11T04:57:00Z,False,1.191,unknown,2011-03-11 04:57,9461380
2011-03-11T05:04:00Z,unknown,2011-03-11T04:58:00Z,False,1.195,unknown,2011-03-11 04:58,9461380
2011-03-11T05:04:00Z,unknown,2011-03-11T04:59:00Z,False,1.196,unknown,2011-03-11 04:59,9461380
2011-03-11T05:04:00Z,unknown,2011-03-11T05:00:00Z,False,1.201,unknown,2011-03-11 05:00,9461380
2011-03-11T05:04:00Z,unknown,2011-03-11T05:01:00Z,False,1.203,unknown,2011-03-11 05:01,9461380
2011-03-11T05:04:00Z,unknown,2011-03-11T05:02:00Z,False,1.213,unknown,2011-03-11 05:02,9461380
2011-03-11T05:04:00Z,unknown,2011-03-11T05:03:00Z,False,1.219,unknown,2011-03-11 05:03,9461380
2011-03-11T05:04:00Z,unknown,2011-03-11T05:04:00Z,False,1.227,unknown,2011-03-11 05:04,9461380
2011-03-11T05:04:00Z,unknown,2011-03-11T05:05:00Z,False,1.231,unknown,2011-03-11 05:05,9461380
2011-03-11T05:04:00Z,unknown,2011-03-11T05:06:00Z,False,1.24,unknown,2011-03-11 05:06,9461380
2011-03-11T05:04:00Z,unknown,2011-03-11T05:07:00Z,False,1.241,unknown,2011-03-11 05:07,9461380
2011-03-11T05:04:00Z,unknown,2011-03-11T05:08:00Z,False,1.249,unknown,2011-03-11 05:08,9461380
2011-03-11T05:04:00Z,unknown,2011-03-11T05:09:00Z,False,1.25,unknown,2011-03-11 05:09,9461380
2011-03-11T05:04:00Z,unknown,2011-03-11T05:10:00Z,False,1.248,unknown,2011-03-11 05:10,9461380
2011-03-11T05:04:00Z,unknown,2011-03-11T05:11:00Z,False,1.251,unknown,2011-03-11 05:11,9461380
2011-03-11T05:04:00Z,unknown,2011-03-11T05:12:00Z,False,1.251,unknown,2011-03-11 05:12,9461380
2011-03-11T05:04:00Z,unknown,2011-03-11T05:13:00Z,False,1.252,unknown,2011-03-11 05:13,9461380
2011-03-11T05:04:00Z,unknown,2011-03-11T05:14:00Z,False,1.254,unknown,2011-03-11 05:14,9461380
2011-03-11T05:04:00Z,unknown,2011-03-11T05:15:00Z,False,1.261,unknown,2011-03-11 05:15,9461380
2011-03-11T05:04:00Z,unknown,2011-03-11T05:16:00Z,False,1.265,unknown,2011-03-11 05:16,9461380
2011-03-11T05:04:00Z,unknown,2011-03-11T05:17:00Z,False,1.262,unknown,2011-03-11 05:17,9461380
2011-03-11T05:04:00Z,unknown,2011-03-11T05:18:00Z,False,1.274,unknown,2011-03-11 05:18,9461380
2011-03-11T05:04:00Z,unknown,2011-03-11T05:19:00Z,False,1.275,unknown,2011-03-11 05:19,9461380
2011-03-11T07:54:00Z,unknown,2011-03-11T07:39:00Z,False,1.567,unknown,2011-03-11 07:39,9461380
2011-03-11T07:54:00Z,unknown,2011-03-11T07:40:00Z,False,1.568,unknown,2011-03-11 07:40,9461380
2011-03-11T07:54:00Z,unknown,2011-03-11T07:41:00Z,False,1.582,unknown,2011-03-11 07:41,9461380
2011-03-11T07:54:00Z,unknown,2011-03-11T07:42:00Z,False,1.586,unknown,2011-03-11 07:42,9461380
2011-03-11T07:54:00Z,unknown,2011-03-11T07:43:00Z,False,1.577,unknown,2011-03-11 07:43,9461380
2011-03-11T07:54:00Z,unknown,2011-03-11T07:44:00Z,False,1.598,unknown,2011-03-11 07:44,9461380
2011-03-11T07:54:00Z,unknown,2011-03-11T07:45:00Z,False,1.606,unknown,2011-03-11 07:45,9461380
2011-03-11T07:54:00Z,unknown,2011-03-11T07:46:00Z,False,1.596,unknown,2011-03-11 07:46,9461380
2011-03-11T07:54:00Z,unknown,2011-03-11T07:47:00Z,False,1.594,unknown,2011-03-11 07:47,9461380
2011-03-11T07:54:00Z,unknown,2011-03-11T07:48:00Z,False,1.615,unknown,2011-03-11 07:48,9461380
2011-03-11T07:54:00Z,unknown,2011-03-11T07:49:00Z,False,1.611,unknown,2011-03-11 07:49,9461380
2011-03-11T07:54:00Z,unknown,2011-03-11T07:50:00Z,False,1.603,unknown,2011-03-11 07:50,9461380
2011-03-11T07:54:00Z,unknown,2011-03-11T07:51:00Z,False,1.607,unknown,2011-03-11 07:51,9461380
2011-03-11T07:54:00Z,unknown,2011-03-11T07:52:00Z,False,1.624,unknown,2011-03-11 07:52,9461380
2011-03-11T07:54:00Z,unknown,2011-03-11T07:53:00Z,False,1.616,unknown,2011-03-11 07:53,9461380
2011-03-11T07:54:00Z,unknown,2011-03-11T07:54:00Z,False,1.624,unknown,2011-03-11 07:54,9461380
2011-03-11T07:54:00Z,unknown,2011-03-11T07:55:00Z,False,1.624,unknown,2011-03-11 07:55,9461380
2011-03-11T07:54:00Z,unknown,2011-03-11T07:56:00Z,False,1.633,unknown,2011-03-11 07:56,9461380
2011-03-11T07:54:00Z,unknown,2011-03-11T07:57:00Z,False,1.631,unknown,2011-03-11 07:57,9461380
2011-03-11T07:54:00Z,unknown,2011-03-11T07:58:00Z,False,1.64,unknown,2011-03-11 07:58,9461380
2011-03-11T07:54:00Z,unknown,2011-03-11T07:59:00Z,False,1.631,unknown,2011-03-11 07:59,9461380
2011-03-11T07:54:00Z,unknown,2011-03-11T08:00:00Z,False,1.63,unknown,2011-03-11 08:00,9461380
2011-03-11T07:54:00Z,unknown,2011-03-11T08:01:00Z,False,1.629,unknown,2011-03-11 08:01,9461380
2011-03-11T07:54:00Z,unknown,2011-03-11T08:02:00Z,False,1.626,unknown,2011-03-11 08:02,9461380
2011-03-11T07:54:00Z,unknown,2011-03-11T08:03:00Z,False,1.613,unknown,2011-03-11 08:03,9461380
2011-03-11T07:54:00Z,unknown,2011-03-11T08:04:00Z,False,1.619,unknown,2011-03-11 08:04,9461380
2011-03-11T07:54:00Z,unknown,2011-03-11T08:05:00Z,False,1.619,unknown,2011-03-11 08:05,9461380
2011-03-11T07:54:00Z,unknown,2011-03-11T08:06:00Z,False,1.61,unknown,2011-03-11 08:06,9461380
2011-03-11T07:54:00Z,unknown,2011-03-11T08:07:00Z,False,1.616,unknown,2011-03-11 08:07,9461380
2011-03-11T07:54:00Z,unknown,2011-03-11T08:08:00Z,False,1.618,unknown,2011-03-11 08:08,9461380
2011-03-11T07:54:00Z,unknown,2011-03-11T08:09:00Z,False,1.621,unknown,2011-03-11 08:09,9461380
2011-03-11T09:28:00Z,unknown,2011-03-11T09:13:00Z,False,1.717,unknown,2011-03-11 09:13,9461380
2011-03-11T09:28:00Z,unknown,2011-03-11T09:14:00Z,False,1.725,unknown,2011-03-11 09:14,9461380
2011-03-11T09:28:00Z,unknown,2011-03-11T09:15:00Z,False,1.73,unknown,2011-03-11 09:15,9461380
2011-03-11T09:28:00Z,unknown,2011-03-11T09:16:00Z,False,1.726,unknown,2011-03-11 09:16,9461380
2011-03-11T09:28:00Z,unknown,2011-03-11T09:17:00Z,False,1.724,unknown,2011-03-11 09:17,9461380
2011-03-11T09:28:00Z,unknown,2011-03-11T09:18:00Z,False,1.731,unknown,2011-03-11 09:18,9461380
2011-03-11T09:28:00Z,unknown,2011-03-11T09:19:00Z,False,1.727,unknown,2011-03-11 09:19,9461380
2011-03-11T09:28:00Z,unknown,2011-03-11T09:20:00Z,False,1.72,unknown,2011-03-11 09:20,9461380
2011-03-11T09:28:00Z,unknown,2011-03-11T09:21:00Z,False,1.726,unknown,2011-03-11 09:21,9461380
2011-03-11T09:28:00Z,unknown,2011-03-11T09:22:00Z,False,1.727,unknown,2011-03-11 09:22,9461380
2011-03-11T09:28:00Z,unknown,2011-03-11T09:23:00Z,False,1.725,unknown,2011-03-11 09:23,9461380
2011-03-11T09:28:00Z,unknown,2011-03-11T09:24:00Z,False,1.72,unknown,2011-03-11 09:24,9461380
2011-03-11T09:28:00Z,unknown,2011-03-11T09:25:00Z,False,1.73,unknown,2011-03-11 09:25,9461380
2011-03-11T09:28:00Z,unknown,2011-03-11T09:26:00Z,False,1.734,unknown,2011-03-11 09:26,9461380
2011-03-11T09:28:00Z,unknown,2011-03-11T09:27:00Z,False,1.738,unknown,2011-03-11 09:27,9461380
2011-03-11T09:28:00Z,unknown,2011-03-11T09:28:00Z,False,1.742,unknown,2011-03-11 09:28,9461380
2011-03-11T09:28:00Z,unknown,2011-03-11T09:29:00Z,False,1.75,unknown,2011-03-11 09:29,9461380
2011-03-11T09:28:00Z,unknown,2011-03-11T09:30:00Z,False,1.754,unknown,2011-03-11 09:30,9461380
2011-03-11T09:28:00Z,unknown,2011-03-11T09:31:00Z,False,1.753,unknown,2011-03-11 09:31,9461380
2011-03-11T09:28:00Z,unknown,2011-03-11T09:32:00Z,False,1.756,unknown,2011-03-11 09:32,9461380
2011-03-11T09:28:00Z,unknown,2011-03-11T09:33:00Z,False,1.762,unknown,2011-03-11 09:33,9461380
2011-03-11T09:28:00Z,unknown,2011-03-11T09:34:00Z,False,1.761,unknown,2011-03-11 09:34,9461380
2011-03-11T09:28:00Z,unknown,2011-03-11T09:35:00Z,False,1.759,unknown,2011-03-11 09:35,9461380
2011-03-11T09:28:00Z,unknown,2011-03-11T09:36:00Z,False,1.758,unknown,2011-03-11 09:36,9461380
2011-03-11T09:28:00Z,unknown,2011-03-11T09:37:00Z,False,1.766,unknown,2011-03-11 09:37,9461380
2011-03-11T09:28:00Z,unknown,2011-03-11T09:38:00Z,False,1.771,unknown,2011-03-11 09:38,9461380
2011-03-11T09:28:00Z,unknown,2011-03-11T09:39:00Z,False,1.762,unknown,2011-03-11 09:39,9461380
2011-03-11T09:28:00Z,unknown,2011-03-11T09:40:00Z,False,1.762,unknown,2011-03-11 09:40,9461380
2011-03-11T09:28:00Z,unknown,2011-03-11T09:41:00Z,False,1.769,unknown,2011-03-11 09:41,9461380
2011-03-11T09:28:00Z,unknown,2011-03-11T09:42:00Z,False,1.762,unknown,2011-03-11 09:42,9461380
2011-03-11T09:28:00Z,unknown,2011-03-11T09:43:00Z,False,1.759,unknown,2011-03-11 09:43,9461380
2011-03-11T08:16:00Z,unknown,2011-03-11T08:01:00Z,False,4.755,unknown,2011-03-11 08:01:00,valp
2011-03-11T08:16:00Z,unknown,2011-03-11T08:02:00Z,False,4.683,unknown,2011-03-11 08:02:00,valp
2011-03-11T08:16:00Z,unknown,2011-03-11T08:03:00Z,False,4.733,unknown,2011-03-11 08:03:00,valp
2011-03-11T08:16:00Z,unknown,2011-03-11T08:04:00Z,False,4.762,unknown,2011-03-11 08:04:00,valp
2011-03-11T08:16:00Z,unknown,2011-03-11T08:05:00Z,False,4.721,unknown,2011-03-11 08:05:00,valp
2011-03-11T08:16:00Z,unknown,2011-03-11T08:06:00Z,False,4.721,unknown,2011-03-11 08:06:00,valp
2011-03-11T08:16:00Z,unknown,2011-03-11T08:07:00Z,False,4.747,unknown,2011-03-11 08:07:00,valp
2011-03-11T08:16:00Z,unknown,2011-03-11T08:08:00Z,False,4.729,unknown,2011-03-11 08:08:00,valp
2011-03-11T08:16:00Z,unknown,2011-03-11T08:09:00Z,False,4.77,unknown,2011-03-11 08:09:00,valp
2011-03-11T08:16:00Z,unknown,2011-03-11T08:10:00Z,False,4.725,unknown,2011-03-11 08:10:00,valp
2011-03-11T08:16:00Z,unknown,2011-03-11T08:11:00Z,False,4.723,unknown,2011-03-11 08:11:00,valp
2011-03-11T08:16:00Z,unknown,2011-03-11T08:12:00Z,False,4.763,unknown,2011-03-11 08:12:00,valp
2011-03-11T08:16:00Z,unknown,2011-03-11T08:13:00Z,False,4.696,unknown,2011-03-11 08:13:00,valp
2011-03-11T08:16:00Z,unknown,2011-03-11T08:14:00Z,False,4.655,unknown,2011-03-11 08:14:00,valp
2011-03-11T08:16:00Z,unknown,2011-03-11T08:15:00Z,False,4.704,unknown,2011-03-11 08:15:00,valp
2011-03-11T08:16:00Z,unknown,2011-03-11T08:16:00Z,False,4.636,unknown,2011-03-11 08:16:00,valp
2011-03-11T08:16:00Z,unknown,2011-03-11T08:17:00Z,False,4.635,unknown,2011-03-11 08:17:00,valp
2011-03-11T08:16:00Z,unknown,2011-03-11T08:18:00Z,False,4.79,unknown,2011-03-11 08:18:00,valp
2011-03-11T08:16:00Z,unknown,2011-03-11T08:19:00Z,False,4.737,unknown,2011-03-11 08:19:00,valp
2011-03-11T08:16:00Z,unknown,2011-03-11T08:20:00Z,False,4.65,unknown,2011-03-11 08:20:00,valp
2011-03-11T08:16:00Z,unknown,2011-03-11T08:21:00Z,False,4.65,unknown,2011-03-11 08:21:00,valp
2011-03-11T08:16:00Z,unknown,2011-03-11T08:22:00Z,False,4.64,unknown,2011-03-11 08:22:00,valp
2011-03-11T08:16:00Z,unknown,2011-03-11T08:23:00Z,False,4.751,unknown,2011-03-11 08:23:00,valp
2011-03-11T08:16:00Z,unknown,2011-03-11T08:24:00Z,False,4.678,unknown,2011-03-11 08:24:00,valp
2011-03-11T08:16:00Z,unknown,2011-03-11T08:25:00Z,False,4.621,unknown,2011-03-11 08:25:00,valp
2011-03-11T08:16:00Z,unknown,2011-03-11T08:26:00Z,False,4.672,unknown,2011-03-11 08:26:00,valp
2011-03-11T08:16:00Z,unknown,2011-03-11T08:27:00Z,False,4.718,unknown,2011-03-11 08:27:00,valp
2011-03-11T08:16:00Z,unknown,2011-03-11T08:28:00Z,False,4.681,unknown,2011-03-11 08:28:00,valp
2011-03-11T08:16:00Z,unknown,2011-03-11T08:29:00Z,False,4.641,unknown,2011-03-11 08:29:00,valp
2011-03-11T08:16:00Z,unknown,2011-03-11T08:30:00Z,False,4.685,unknown,2011-03-11 08:30:00,valp
2011-03-11T08:16:00Z,unknown,2011-03-11T08:31:00Z,False,4.67,unknown,2011-03-11 08:31:00,valp
2011-03-11T08:20:00Z,unknown,2011-03-11T08:05:00Z,False,4.721,unknown,2011-03-11 08:05:00,valp
2011-03-11T08:20:00Z,unknown,2011-03-11T08:06:00Z,False,4.721,unknown,2011-03-11 08:06:00,valp
2011-03-11T08:20:00Z,unknown,2011-03-11T08:07:00Z,False,4.747,unknown,2011-03-11 08:07:00,valp
2011-03-11T08:20:00Z,unknown,2011-03-11T08:08:00Z,False,4.729,unknown,2011-03-11 08:08:00,valp
2011-03-11T08:20:00Z,unknown,2011-03-11T08:09:00Z,False,4.77,unknown,2011-03-11 08:09:00,valp
2011-03-11T08:20:00Z,unknown,2011-03-11T08:10:00Z,False,4.725,unknown,2011-03-11 08:10:00,valp
2011-03-11T08:20:00Z,unknown,2011-03-11T08:11:00Z,False,4.723,unknown,2011-03-11 08:11:00,valp
2011-03-11T08:20:00Z,unknown,2011-03-11T08:12:00Z,False,4.763,unknown,2011-03-11 08:12:00,valp
2011-03-11T08:20:00Z,unknown,2011-03-11T08:13:00Z,False,4.696,unknown,2011-03-11 08:13:00,valp
2011-03-11T08:20:00Z,unknown,2011-03-11T08:14:00Z,False,4.655,unknown,2011-03-11 08:14:00,valp
2011-03-11T08:20:00Z,unknown,2011-03-11T08:15:00Z,False,4.704,unknown,2011-03-11 08:15:00,valp
2011-03-11T08:20:00Z,unknown,2011-03-11T08:16:00Z,False,4.636,unknown,2011-03-11 08:16:00,valp
2011-03-11T08:20:00Z,unknown,2011-03-11T08:17:00Z,False,4.635,unknown,2011-03-11 08:17:00,valp
2011-03-11T08:20:00Z,unknown,2011-03-11T08:18:00Z,False,4.79,unknown,2011-03-11 08:18:00,valp
2011-03-11T08:20:00Z,unknown,2011-03-11T08:19:00Z,False,4.737,unknown,2011-03-11 08:19:00,valp
2011-03-11T08:20:00Z,unknown,2011-03-11T08:20:00Z,False,4.65,unknown,2011-03-11 08:20:00,valp
2011-03-11T08:20:00Z,unknown,2011-03-11T08:21:00Z,False,4.65,unknown,2011-03-11 08:21:00,valp
2011-03-11T08:20:00Z,unknown,2011-03-11T08:22:00Z,False,4.64,unknown,2011-03-11 08:22:00,valp
2011-03-11T08:20:00Z,unknown,2011-03-11T08:23:00Z,False,4.751,unknown,2011-03-11 08:23:00,valp
2011-03-11T08:20:00Z,unknown,2011-03-11T08:24:00Z,False,4.678,unknown,2011-03-11 08:24:00,valp
2011-03-11T08:20:00Z,unknown,2011-03-11T08:25:00Z,False,4.621,unknown,2011-03-11 08:25:00,valp
2011-03-11T08:20:00Z,unknown,2011-03-11T08:26:00Z,False,4.672,unknown,2011-03-11 08:26:00,valp
2011-03-11T08:20:00Z,unknown,2011-03-11T08:27:00Z,False,4.718,unknown,2011-03-11 08:27:00,valp
2011-03-11T08:20:00Z,unknown,2011-03-11T08:28:00Z,False,4.681,unknown,2011-03-11 08:28:00,valp
2011-03-11T08:20:00Z,unknown,2011-03-11T08:29:00Z,False,4.641,unknown,2011-03-11 08:29:00,valp
2011-03-11T08:20:00Z,unknown,2011-03-11T08:30:00Z,False,4.685,unknown,2011-03-11 08:30:00,valp
2011-03-11T08:20:00Z,unknown,2011-03-11T08:31:00Z,False,4.67,unknown,2011-03-11 08:31:00,valp
2011-03-11T08:20:00Z,unknown,2011-03-11T08:32:00Z,False,4.647,unknown,2011-03-11 08:32:00,valp
2011-03-11T08:20:00Z,unknown,2011-03-11T08:33:00Z,False,4.706,unknown,2011-03-11 08:33:00,valp
2011-03-11T08:20:00Z,unknown,2011-03-11T08:34:00Z,False,4.668,unknown,2011-03-11 08:34:00,valp
2011-03-11T08:20:00Z,unknown,2011-03-11T08:35:00Z,False,4.628,unknown,2011-03-11 08:35:00,valp
2011-03-12T06:03:00Z,unknown,2011-03-12T05:48:00Z,False,5.38,unknown,2011-03-12 05:48:00,valp
2011-03-12T06:03:00Z,unknown,2011-03-12T05:49:00Z,False,5.315,unknown,2011-03-12 05:49:00,valp
2011-03-12T06:03:00Z,unknown,2011-03-12T05:50:00Z,False,5.24,unknown,2011-03-12 05:50:00,valp
2011-03-12T06:03:00Z,unknown,2011-03-12T05:51:00Z,False,5.309,unknown,2011-03-12 05:51:00,valp
2011-03-12T06:03:00Z,unknown,2011-03-12T05:52:00Z,False,5.293,unknown,2011-03-12 05:52:00,valp
2011-03-12T06:03:00Z,unknown,2011-03-12T05:53:00Z,False,5.207,unknown,2011-03-12 05:53:00,valp
2011-03-12T06:03:00Z,unknown,2011-03-12T05:54:00Z,True,5.12,unknown,2011-03-12 05:54:00,valp
2011-03-12T06:03:00Z,unknown,2011-03-12T05:55:00Z,True,4.727,unknown,2011-03-12 05:55:00,valp
2011-03-12T06:03:00Z,unknown,2011-03-12T05:56:00Z,True,4.275,unknown,2011-03-12 05:56:00,valp
2011-03-12T06:03:00Z,unknown,2011-03-12T05:57:00Z,True,3.802,unknown,2011-03-12 05:57:00,valp
2011-03-12T06:03:00Z,unknown,2011-03-12T05:58:00Z,True,3.519,unknown,2011-03-12 05:58:00,valp
2011-03-12T06:03:00Z,unknown,2011-03-12T05:59:00Z,True,3.514,unknown,2011-03-12 05:59:00,valp
2011-03-12T06:03:00Z,unknown,2011-03-12T06:00:00Z,True,3.697,unknown,2011-03-12 06:00:00,valp
2011-03-12T06:03:00Z,unknown,2011-03-12T06:01:00Z,False,4.165,unknown,2011-03-12 06:01:00,valp
2011-03-12T06:03:00Z,unknown,2011-03-12T06:02:00Z,False,4.177,unknown,2011-03-12 06:02:00,valp
2011-03-12T06:03:00Z,unknown,2011-03-12T06:03:00Z,False,4.06,unknown,2011-03-12 06:03:00,valp
2011-03-12T06:03:00Z,unknown,2011-03-12T06:04:00Z,False,3.793,unknown,2011-03-12 06:04:00,valp
2011-03-12T06:03:00Z,unknown,2011-03-12T06:05:00Z,False,3.696,unknown,2011-03-12 06:05:00,valp
2011-03-12T06:03:00Z,unknown,2011-03-12T06:06:00Z,False,3.696,unknown,2011-03-12 06:06:00,valp
2011-03-12T06:03:00Z,unknown,2011-03-12T06:07:00Z,True,3.727,unknown,2011-03-12 06:07:00,valp
2011-03-12T06:03:00Z,unknown,2011-03-12T06:08:00Z,True,4.131,unknown,2011-03-12 06:08:00,valp
2011-03-12T06:03:00Z,unknown,2011-03-12T06:09:00Z,True,4.708,unknown,2011-03-12 06:09:00,valp
2011-03-12T06:03:00Z,unknown,2011-03-12T06:10:00Z,True,5.285,unknown,2011-03-12 06:10:00,valp
2011-03-12T06:03:00Z,unknown,2011-03-12T06:11:00Z,True,5.626,unknown,2011-03-12 06:11:00,valp
2011-03-12T06:03:00Z,unknown,2011-03-12T06:12:00Z,True,5.529,unknown,2011-03-12 06:12:00,valp
2011-03-12T06:03:00Z,unknown,2011-03-12T06:13:00Z,True,5.164,unknown,2011-03-12 06:13:00,valp
2011-03-12T06:03:00Z,unknown,2011-03-12T06:14:00Z,True,4.924,unknown,2011-03-12 06:14:00,valp
2011-03-12T06:03:00Z,unknown,2011-03-12T06:15:00Z,True,4.781,unknown,2011-03-12 06:15:00,valp
2011-03-12T06:03:00Z,unknown,2011-03-12T06:16:00Z,True,4.888,unknown,2011-03-12 06:16:00,valp
2011-03-12T06:03:00Z,unknown,2011-03-12T06:17:00Z,True,5.3,unknown,2011-03-12 06:17:00,valp
2011-03-12T06:03:00Z,unknown,2011-03-12T06:18:00Z,True,5.805,unknown,2011-03-12 06:18:00,valp
