end_utc,left_source_time,right_source_time,seconds,start_utc,station_id
2011-03-09T07:15:00Z,68.290972,68.302083,960.0,2011-03-09T06:59:00Z,21413
2011-03-12T13:15:00Z,71.540972,71.552083,960.0,2011-03-12T12:59:00Z,21413
2011-03-03T10:15:00Z,62.375000,62.427083,4500.0,2011-03-03T09:00:00Z,21418
2011-03-09T07:15:00Z,68.290972,68.302083,960.0,2011-03-09T06:59:00Z,21418
2011-03-10T01:15:00Z,69.040972,69.052083,960.0,2011-03-10T00:59:00Z,21418
2011-03-12T10:15:00Z,71.415972,71.427083,960.0,2011-03-12T09:59:00Z,21418
2011-03-13T06:15:00Z,72.249306,72.260417,960.0,2011-03-13T05:59:00Z,21418
2011-03-14T10:15:00Z,73.415972,73.427083,960.0,2011-03-14T09:59:00Z,21418
2011-03-16T04:15:00Z,75.125000,75.177083,4500.0,2011-03-16T03:00:00Z,21418
2011-03-16T12:15:00Z,75.458333,75.510417,4500.0,2011-03-16T11:00:00Z,21418
2011-03-17T08:15:00Z,76.291667,76.343750,4500.0,2011-03-17T07:00:00Z,21418
2011-03-17T10:15:00Z,76.375000,76.427083,4500.0,2011-03-17T09:00:00Z,21418
2011-03-17T18:15:00Z,76.666667,76.760417,8100.0,2011-03-17T16:00:00Z,21418
2011-03-17T22:15:00Z,76.875000,76.927083,4500.0,2011-03-17T21:00:00Z,21418
2011-03-18T00:15:00Z,76.958333,77.010417,4500.0,2011-03-17T23:00:00Z,21418
2011-03-18T06:15:00Z,77.208333,77.260417,4500.0,2011-03-18T05:00:00Z,21418
2011-03-19T18:15:00Z,78.708333,78.760417,4500.0,2011-03-19T17:00:00Z,21418
2011-03-11T10:15:00Z,70.415972,70.427083,960.0,2011-03-11T09:59:00Z,32401
2011-03-12T20:15:00Z,71.832639,71.843750,960.0,2011-03-12T19:59:00Z,32401
2011-03-11T01:54:00Z,20110311015159,20110311015400,121.0,2011-03-11T01:51:59Z,saip
2011-03-11T04:54:00Z,20110311045159,20110311045400,121.0,2011-03-11T04:51:59Z,saip
2011-03-11T10:09:00Z,20110311100659,20110311100900,121.0,2011-03-11T10:06:59Z,saip
2011-03-11T23:08:00Z,20110311120700,20110311230800,39660.0,2011-03-11T12:07:00Z,saip
2011-03-12T00:01:00Z,2011-03-11 23:55:00,2011-03-12 00:01:00,360.0,2011-03-11T23:55:00Z,valp
2011-03-12T01:29:00Z,2011-03-12 01:25:00,2011-03-12 01:29:00,240.0,2011-03-12T01:25:00Z,valp
2011-03-12T01:56:00Z,2011-03-12 01:30:00,2011-03-12 01:56:00,1560.0,2011-03-12T01:30:00Z,valp
2011-03-12T07:01:00Z,2011-03-12 06:50:00,2011-03-12 07:01:00,660.0,2011-03-12T06:50:00Z,valp
