cadence_counts_seconds,datum,first_utc,fitted_max,fitted_median,fitted_min,fitted_missing,fitted_zero,horizontal_datum,last_utc,long_intervals,max_interval_seconds,name,qc_flagged,raw_max,raw_median,raw_min,raw_minus_fit_minus_residual_max_abs,raw_missing,raw_zero,residual_disagreement_above_0_00002_m,residual_max,residual_median,residual_min,residual_missing,residual_zero,rows,source_distance_km,station_id,station_type,units
"{""60.0"": 4319}",STND,2011-03-11T00:00:00Z,unknown,unknown,unknown,4320,0,unknown,2011-03-13T23:59:00Z,0,60.0,Hilo,0,2.689,1.527,-0.123,unknown,29,0,0,unknown,unknown,unknown,4320,0,4320,6309.581606233265,1617760,coastal,m
"{""60.0"": 3936}",STND,2011-03-11T00:00:00Z,unknown,unknown,unknown,3937,0,unknown,2011-03-13T17:36:00Z,0,60.0,Pago Pago,0,2.363,1.408,0.537,unknown,936,0,0,unknown,unknown,unknown,3937,0,3937,7601.426180874372,1770000,coastal,m
"{""15.0"": 152, ""45.0"": 120, ""60.0"": 2210, ""900.0"": 1666, ""960.0"": 2}",unknown,2011-03-01T00:00:00Z,5825.19396,5824.93551,5824.66005,0,0,unknown,2011-03-20T00:00:00Z,2,960.0,DART 21413,0,5825.87007,5824.96003,5824.28007,2.000000047817918e-05,0,0,8,1.12431,0.02632,-0.46504,0,2,4151,1242.025819744946,21413,dart,m water column
"{""15.0"": 79, ""30.0"": 121, ""45.0"": 1, ""60.0"": 3180, ""120.0"": 14, ""180.0"": 2, ""900.0"": 1545, ""960.0"": 5, ""4500.0"": 9, ""8100.0"": 1}",unknown,2011-03-01T00:00:00Z,5663.10564,5662.71111,5662.23936,0,0,unknown,2011-03-20T00:00:00Z,15,8100.0,DART 21418,0,5664.31131,5662.67529,5661.43731,2.0000000756990877e-05,0,0,8,1.85276,-0.03392,-0.96497,0,0,4958,553.5540156887746,21418,dart,m water column
"{""15.0"": 31, ""30.0"": 1, ""45.0"": 1, ""60.0"": 1429, ""900.0"": 1726, ""960.0"": 2}",unknown,2011-03-01T00:00:00Z,4799.1148,4798.53575,4798.12681,0,0,unknown,2011-03-20T00:00:00Z,2,960.0,DART 32401,0,4799.12291,4798.53705,4798.13994,2.0000000362341286e-05,0,0,3,0.12432,-0.00165,-0.07752,0,0,3191,15871.880284854993,32401,dart,m water column
"{""15.0"": 109420, ""300.0"": 1}",unknown,2011-03-01T00:00:00Z,4260.90622,4260.15738,4259.12784,0,0,unknown,2011-03-20T00:00:00Z,0,300.0,DART 46411,0,4260.92811,4260.16868,4259.14838,2.0000000764266307e-05,0,0,212,0.18843,0.01024,-0.14239,0,6,109422,7499.008796555507,46411,dart,m water column
"{""60.0"": 4319}",STND,2011-03-11T00:00:00Z,unknown,unknown,unknown,4320,0,unknown,2011-03-13T23:59:00Z,0,60.0,Crescent City,0,3.932,2.299,-0.396,unknown,60,0,0,unknown,unknown,unknown,4320,0,4320,7560.137804917358,9419750,coastal,m
"{""60.0"": 4319}",STND,2011-03-11T00:00:00Z,unknown,unknown,unknown,4320,0,unknown,2011-03-13T23:59:00Z,0,60.0,Adak,0,3.068,1.6225,0.446,unknown,24,0,0,unknown,unknown,unknown,4320,0,4320,3502.37929797358,9461380,coastal,m
"{""1.0"": 3, ""59.0"": 6, ""60.0"": 732, ""61.0"": 2, ""119.0"": 2, ""120.0"": 14, ""121.0"": 3, ""39660.0"": 1}",MLLW,2011-03-11T00:00:00Z,unknown,unknown,unknown,764,0,unknown,2011-03-11T23:59:00Z,4,39660.0,Saipan,0,2.578,2.003,1.273,unknown,0,0,0,unknown,unknown,unknown,764,0,764,2577.746653082281,saip,coastal,m
"{""60.0"": 4267, ""240.0"": 1, ""360.0"": 1, ""660.0"": 1, ""1560.0"": 1}",unknown,2011-03-11T00:01:00Z,unknown,unknown,unknown,4272,0,unknown,2011-03-13T23:55:00Z,4,1560.0,Valparaíso,140,6.222,4.704,0.0,unknown,0,1,0,unknown,unknown,unknown,4272,0,4272,16909.138067837393,valp,coastal,m
