kind,line_number,path,raw_line,station_id
candidate,1446,data/raw/ncei/dart/dart21413_20110301to20110320_meter.txt,     70.244965 2011  3 11  5 52 45 5825.09407 5824.74510    0.34896  0.000,21413
candidate,1458,data/raw/ncei/dart/dart21413_20110301to20110320_meter.txt,     70.250694 2011  3 11  6  1  0 5824.72607 5824.75361   -0.02754  0.000,21413
candidate,1477,data/raw/ncei/dart/dart21413_20110301to20110320_meter.txt,     70.263889 2011  3 11  6 20  0 5824.92707 5824.77389    0.15317  0.000,21413
gap_sentinel,1145,data/raw/ncei/dart/dart21413_20110301to20110320_meter.txt,     68.291667 2011  3  9  7  0  0 9999.00000 5824.97215 9999.00000  0.000,21413
gap_sentinel,3437,data/raw/ncei/dart/dart21413_20110301to20110320_meter.txt,     71.541667 2011  3 12 13  0  0 9999.00000 5824.94336 9999.00000  0.000,21413
candidate,1896,data/raw/ncei/dart/dart21418_20110301to20110320_meter.txt,     70.242188 2011  3 11  5 48 45 5662.42231 5662.40031    0.02200  0.000,21418
candidate,1897,data/raw/ncei/dart/dart21418_20110301to20110320_meter.txt,     70.242361 2011  3 11  5 49  0 5662.44131 5662.40031    0.04100  0.000,21418
gap_sentinel,230,data/raw/ncei/dart/dart21418_20110301to20110320_meter.txt,     62.385417 2011  3  3  9 15  0 9999.00000 5662.53313 9999.00000  0.000,21418
gap_sentinel,231,data/raw/ncei/dart/dart21418_20110301to20110320_meter.txt,     62.395833 2011  3  3  9 30  0 9999.00000 5662.49191 9999.00000  0.000,21418
gap_sentinel,232,data/raw/ncei/dart/dart21418_20110301to20110320_meter.txt,     62.406250 2011  3  3  9 45  0 9999.00000 5662.45266 9999.00000  0.000,21418
gap_sentinel,233,data/raw/ncei/dart/dart21418_20110301to20110320_meter.txt,     62.416667 2011  3  3 10  0  0 9999.00000 5662.41536 9999.00000  0.000,21418
gap_sentinel,1145,data/raw/ncei/dart/dart21418_20110301to20110320_meter.txt,     68.291667 2011  3  9  7  0  0 9999.00000 5662.80401 9999.00000  0.000,21418
gap_sentinel,1677,data/raw/ncei/dart/dart21418_20110301to20110320_meter.txt,     69.041667 2011  3 10  1  0  0 9999.00000 5662.49453 9999.00000  0.000,21418
gap_sentinel,3597,data/raw/ncei/dart/dart21418_20110301to20110320_meter.txt,     71.416667 2011  3 12 10  0  0 9999.00000 5662.72550 9999.00000  0.000,21418
gap_sentinel,4085,data/raw/ncei/dart/dart21418_20110301to20110320_meter.txt,     72.250000 2011  3 13  6  0  0 9999.00000 5662.33750 9999.00000  0.000,21418
gap_sentinel,4489,data/raw/ncei/dart/dart21418_20110301to20110320_meter.txt,     73.416667 2011  3 14 10  0  0 9999.00000 5662.44284 9999.00000  0.000,21418
gap_sentinel,4654,data/raw/ncei/dart/dart21418_20110301to20110320_meter.txt,     75.135417 2011  3 16  3 15  0 9999.00000 5662.89234 9999.00000  0.000,21418
gap_sentinel,4655,data/raw/ncei/dart/dart21418_20110301to20110320_meter.txt,     75.145833 2011  3 16  3 30  0 9999.00000 5662.88122 9999.00000  0.000,21418
gap_sentinel,4656,data/raw/ncei/dart/dart21418_20110301to20110320_meter.txt,     75.156250 2011  3 16  3 45  0 9999.00000 5662.86813 9999.00000  0.000,21418
gap_sentinel,4657,data/raw/ncei/dart/dart21418_20110301to20110320_meter.txt,     75.166667 2011  3 16  4  0  0 9999.00000 5662.85309 9999.00000  0.000,21418
gap_sentinel,4686,data/raw/ncei/dart/dart21418_20110301to20110320_meter.txt,     75.468750 2011  3 16 11 15  0 9999.00000 5662.29170 9999.00000  0.000,21418
gap_sentinel,4687,data/raw/ncei/dart/dart21418_20110301to20110320_meter.txt,     75.479167 2011  3 16 11 30  0 9999.00000 5662.30937 9999.00000  0.000,21418
gap_sentinel,4688,data/raw/ncei/dart/dart21418_20110301to20110320_meter.txt,     75.489583 2011  3 16 11 45  0 9999.00000 5662.33030 9999.00000  0.000,21418
gap_sentinel,4689,data/raw/ncei/dart/dart21418_20110301to20110320_meter.txt,     75.500000 2011  3 16 12  0  0 9999.00000 5662.35451 9999.00000  0.000,21418
gap_sentinel,4766,data/raw/ncei/dart/dart21418_20110301to20110320_meter.txt,     76.302083 2011  3 17  7 15  0 9999.00000 5662.66530 9999.00000  0.000,21418
gap_sentinel,4767,data/raw/ncei/dart/dart21418_20110301to20110320_meter.txt,     76.312500 2011  3 17  7 30  0 9999.00000 5662.62474 9999.00000  0.000,21418
gap_sentinel,4768,data/raw/ncei/dart/dart21418_20110301to20110320_meter.txt,     76.322917 2011  3 17  7 45  0 9999.00000 5662.58352 9999.00000  0.000,21418
gap_sentinel,4769,data/raw/ncei/dart/dart21418_20110301to20110320_meter.txt,     76.333333 2011  3 17  8  0  0 9999.00000 5662.54295 9999.00000  0.000,21418
gap_sentinel,4774,data/raw/ncei/dart/dart21418_20110301to20110320_meter.txt,     76.385417 2011  3 17  9 15  0 9999.00000 5662.35844 9999.00000  0.000,21418
gap_sentinel,4775,data/raw/ncei/dart/dart21418_20110301to20110320_meter.txt,     76.395833 2011  3 17  9 30  0 9999.00000 5662.32965 9999.00000  0.000,21418
gap_sentinel,4776,data/raw/ncei/dart/dart21418_20110301to20110320_meter.txt,     76.406250 2011  3 17  9 45  0 9999.00000 5662.30348 9999.00000  0.000,21418
gap_sentinel,4777,data/raw/ncei/dart/dart21418_20110301to20110320_meter.txt,     76.416667 2011  3 17 10  0  0 9999.00000 5662.28188 9999.00000  0.000,21418
gap_sentinel,4802,data/raw/ncei/dart/dart21418_20110301to20110320_meter.txt,     76.677083 2011  3 17 16 15  0 9999.00000 5662.85178 9999.00000  0.000,21418
gap_sentinel,4803,data/raw/ncei/dart/dart21418_20110301to20110320_meter.txt,     76.687500 2011  3 17 16 30  0 9999.00000 5662.87729 9999.00000  0.000,21418
gap_sentinel,4804,data/raw/ncei/dart/dart21418_20110301to20110320_meter.txt,     76.697917 2011  3 17 16 45  0 9999.00000 5662.89954 9999.00000  0.000,21418
gap_sentinel,4805,data/raw/ncei/dart/dart21418_20110301to20110320_meter.txt,     76.708333 2011  3 17 17  0  0 9999.00000 5662.91720 9999.00000  0.000,21418
gap_sentinel,4806,data/raw/ncei/dart/dart21418_20110301to20110320_meter.txt,     76.718750 2011  3 17 17 15  0 9999.00000 5662.93160 9999.00000  0.000,21418
gap_sentinel,4807,data/raw/ncei/dart/dart21418_20110301to20110320_meter.txt,     76.729167 2011  3 17 17 30  0 9999.00000 5662.94207 9999.00000  0.000,21418
gap_sentinel,4808,data/raw/ncei/dart/dart21418_20110301to20110320_meter.txt,     76.739583 2011  3 17 17 45  0 9999.00000 5662.94796 9999.00000  0.000,21418
gap_sentinel,4809,data/raw/ncei/dart/dart21418_20110301to20110320_meter.txt,     76.750000 2011  3 17 18  0  0 9999.00000 5662.94992 9999.00000  0.000,21418
gap_sentinel,4822,data/raw/ncei/dart/dart21418_20110301to20110320_meter.txt,     76.885417 2011  3 17 21 15  0 9999.00000 5662.74513 9999.00000  0.000,21418
gap_sentinel,4823,data/raw/ncei/dart/dart21418_20110301to20110320_meter.txt,     76.895833 2011  3 17 21 30  0 9999.00000 5662.72550 9999.00000  0.000,21418
gap_sentinel,4824,data/raw/ncei/dart/dart21418_20110301to20110320_meter.txt,     76.906250 2011  3 17 21 45  0 9999.00000 5662.70718 9999.00000  0.000,21418
gap_sentinel,4825,data/raw/ncei/dart/dart21418_20110301to20110320_meter.txt,     76.916667 2011  3 17 22  0  0 9999.00000 5662.69082 9999.00000  0.000,21418
gap_sentinel,4830,data/raw/ncei/dart/dart21418_20110301to20110320_meter.txt,     76.968750 2011  3 17 23 15  0 9999.00000 5662.64633 9999.00000  0.000,21418
gap_sentinel,4831,data/raw/ncei/dart/dart21418_20110301to20110320_meter.txt,     76.979167 2011  3 17 23 30  0 9999.00000 5662.64633 9999.00000  0.000,21418
gap_sentinel,4832,data/raw/ncei/dart/dart21418_20110301to20110320_meter.txt,     76.989583 2011  3 17 23 45  0 9999.00000 5662.64894 9999.00000  0.000,21418
gap_sentinel,4833,data/raw/ncei/dart/dart21418_20110301to20110320_meter.txt,     77.000000 2011  3 18  0  0  0 9999.00000 5662.65549 9999.00000  0.000,21418
gap_sentinel,4854,data/raw/ncei/dart/dart21418_20110301to20110320_meter.txt,     77.218750 2011  3 18  5 15  0 9999.00000 5663.03040 9999.00000  0.000,21418
gap_sentinel,4855,data/raw/ncei/dart/dart21418_20110301to20110320_meter.txt,     77.229167 2011  3 18  5 30  0 9999.00000 5663.02582 9999.00000  0.000,21418
gap_sentinel,4856,data/raw/ncei/dart/dart21418_20110301to20110320_meter.txt,     77.239583 2011  3 18  5 45  0 9999.00000 5663.01601 9999.00000  0.000,21418
gap_sentinel,4857,data/raw/ncei/dart/dart21418_20110301to20110320_meter.txt,     77.250000 2011  3 18  6  0  0 9999.00000 5663.00161 9999.00000  0.000,21418
gap_sentinel,4998,data/raw/ncei/dart/dart21418_20110301to20110320_meter.txt,     78.718750 2011  3 19 17 15  0 9999.00000 5662.95516 9999.00000  0.000,21418
gap_sentinel,4999,data/raw/ncei/dart/dart21418_20110301to20110320_meter.txt,     78.729167 2011  3 19 17 30  0 9999.00000 5662.97937 9999.00000  0.000,21418
gap_sentinel,5000,data/raw/ncei/dart/dart21418_20110301to20110320_meter.txt,     78.739583 2011  3 19 17 45  0 9999.00000 5662.99834 9999.00000  0.000,21418
gap_sentinel,5001,data/raw/ncei/dart/dart21418_20110301to20110320_meter.txt,     78.750000 2011  3 19 18  0  0 9999.00000 5663.01208 9999.00000  0.000,21418
candidate,1437,data/raw/ncei/dart/dart32401_20110301to20110320_meter.txt,     71.100000 2011  3 12  2 24  0 4798.52304 4798.49387    0.02917  0.000,32401
candidate,1450,data/raw/ncei/dart/dart32401_20110301to20110320_meter.txt,     71.102431 2011  3 12  2 27 30 4798.54403 4798.49616    0.04787  0.000,32401
gap_sentinel,1293,data/raw/ncei/dart/dart32401_20110301to20110320_meter.txt,     70.416667 2011  3 11 10  0  0 9999.00000 4798.32932 9999.00000  0.000,32401
gap_sentinel,2505,data/raw/ncei/dart/dart32401_20110301to20110320_meter.txt,     71.833333 2011  3 12 20  0  0 9999.00000 4798.81611 9999.00000  0.000,32401
candidate,61201,data/raw/ncei/dart/dart46411_20110301to20110320_meter.txt,     70.625000 2011  3 11 15  0  0 4259.99089 4259.94212    0.04878  1.958,46411
candidate,61205,data/raw/ncei/dart/dart46411_20110301to20110320_meter.txt,     70.625694 2011  3 11 15  1  0 4260.00701 4259.93753    0.06948  1.958,46411
