minutes,observed_at_utc,residual
-4.402,2011-03-11T05:42:00Z,-0.01457
-3.402,2011-03-11T05:43:00Z,-0.01453
-2.402,2011-03-11T05:44:00Z,-0.0145
-1.4020000000000001,2011-03-11T05:45:00Z,-0.01481
-0.402,2011-03-11T05:46:00Z,-0.01477
0.5980000000000001,2011-03-11T05:47:00Z,-0.01473
1.5979999999999999,2011-03-11T05:48:00Z,-0.00669
1.8479999999999999,2011-03-11T05:48:15Z,-0.03069
2.098,2011-03-11T05:48:30Z,-0.00535
2.348,2011-03-11T05:48:45Z,0.022
2.598,2011-03-11T05:49:00Z,0.041
2.848,2011-03-11T05:49:15Z,0.03534
3.098,2011-03-11T05:49:30Z,-0.34631
3.348,2011-03-11T05:49:45Z,0.81869
3.598,2011-03-11T05:50:00Z,-0.96497
3.848,2011-03-11T05:50:15Z,0.37238
4.098,2011-03-11T05:50:30Z,-0.71462
4.348,2011-03-11T05:50:45Z,0.05873
4.598,2011-03-11T05:51:00Z,0.08207
4.848,2011-03-11T05:51:15Z,0.10642
5.098,2011-03-11T05:51:30Z,0.06342
5.348,2011-03-11T05:51:45Z,0.17276
5.598,2011-03-11T05:52:00Z,-0.29189
6.598,2011-03-11T05:53:00Z,-0.1912
7.598,2011-03-11T05:54:00Z,-0.16617
8.598,2011-03-11T05:55:00Z,-0.31413
9.598,2011-03-11T05:56:00Z,0.46791
10.598,2011-03-11T05:57:00Z,-0.01106
11.598,2011-03-11T05:58:00Z,0.08299
12.598,2011-03-11T05:59:00Z,-0.08498
13.598,2011-03-11T06:00:00Z,0.01071
14.598,2011-03-11T06:01:00Z,-0.01025
15.598,2011-03-11T06:02:00Z,0.01079
16.598,2011-03-11T06:03:00Z,-0.03217
17.598000000000003,2011-03-11T06:04:00Z,0.03686
18.598000000000003,2011-03-11T06:05:00Z,-0.0111
19.598000000000003,2011-03-11T06:06:00Z,-0.00907
20.598000000000003,2011-03-11T06:07:00Z,0.00497
21.598000000000003,2011-03-11T06:08:00Z,-0.01299
22.598000000000003,2011-03-11T06:09:00Z,-0.00895
23.598000000000003,2011-03-11T06:10:00Z,-0.00492
24.598000000000003,2011-03-11T06:11:00Z,-0.02188
25.598000000000003,2011-03-11T06:12:00Z,0.01016
26.598000000000003,2011-03-11T06:13:00Z,0.0942
27.598000000000003,2011-03-11T06:14:00Z,-0.00742
28.598000000000003,2011-03-11T06:15:00Z,0.21762
29.598000000000003,2011-03-11T06:16:00Z,0.36065
30.598000000000003,2011-03-11T06:17:00Z,1.03069
31.598000000000003,2011-03-11T06:18:00Z,1.55772
32.598,2011-03-11T06:19:00Z,1.85276
33.598,2011-03-11T06:20:00Z,1.2868
34.598,2011-03-11T06:21:00Z,0.08084
35.598,2011-03-11T06:22:00Z,-0.30778
36.598,2011-03-11T06:23:00Z,0.38026
37.598,2011-03-11T06:24:00Z,0.8633
38.598,2011-03-11T06:25:00Z,-0.14567
39.598,2011-03-11T06:26:00Z,-0.95263
40.598,2011-03-11T06:27:00Z,-0.33425
41.598,2011-03-11T06:28:00Z,-0.07621
42.598,2011-03-11T06:29:00Z,-0.62018
43.598,2011-03-11T06:30:00Z,-0.40114
44.598,2011-03-11T06:31:00Z,-0.17975
45.598,2011-03-11T06:32:00Z,-0.68372
46.598,2011-03-11T06:33:00Z,-0.03668
47.598,2011-03-11T06:34:00Z,-0.12565
48.598,2011-03-11T06:35:00Z,-0.40426
49.598,2011-03-11T06:36:00Z,-0.00123
50.598,2011-03-11T06:37:00Z,-0.20319
51.598,2011-03-11T06:38:00Z,-0.17681
52.598,2011-03-11T06:39:00Z,-0.16576
53.598,2011-03-11T06:40:00Z,-0.27173
54.598,2011-03-11T06:41:00Z,-0.04335
55.598,2011-03-11T06:42:00Z,-0.30731
56.598,2011-03-11T06:43:00Z,-0.06628
57.598,2011-03-11T06:44:00Z,-0.16524
58.598,2011-03-11T06:45:00Z,-0.12885
59.598,2011-03-11T06:46:00Z,-0.09382
