observed_at_utc,raw,residual,source_time,station_id
2011-03-12T01:29:00Z,0.215,unknown,2011-03-12 01:29:00,valp
2011-03-12T01:30:00Z,0.0,unknown,2011-03-12 01:30:00,valp
2011-03-12T05:16:00Z,4.09,unknown,2011-03-12 05:16:00,valp
2011-03-12T05:17:00Z,3.772,unknown,2011-03-12 05:17:00,valp
2011-03-12T05:18:00Z,3.534,unknown,2011-03-12 05:18:00,valp
2011-03-12T05:19:00Z,3.536,unknown,2011-03-12 05:19:00,valp
2011-03-12T05:20:00Z,3.781,unknown,2011-03-12 05:20:00,valp
2011-03-12T05:21:00Z,3.781,unknown,2011-03-12 05:21:00,valp
2011-03-12T05:22:00Z,4.21,unknown,2011-03-12 05:22:00,valp
2011-03-12T05:23:00Z,4.544,unknown,2011-03-12 05:23:00,valp
2011-03-12T05:24:00Z,4.797,unknown,2011-03-12 05:24:00,valp
2011-03-12T05:25:00Z,4.763,unknown,2011-03-12 05:25:00,valp
2011-03-12T05:26:00Z,4.623,unknown,2011-03-12 05:26:00,valp
2011-03-12T05:27:00Z,4.296,unknown,2011-03-12 05:27:00,valp
2011-03-12T05:28:00Z,4.04,unknown,2011-03-12 05:28:00,valp
2011-03-12T05:29:00Z,3.901,unknown,2011-03-12 05:29:00,valp
2011-03-12T05:30:00Z,4.021,unknown,2011-03-12 05:30:00,valp
2011-03-12T05:31:00Z,4.324,unknown,2011-03-12 05:31:00,valp
2011-03-12T05:32:00Z,4.755,unknown,2011-03-12 05:32:00,valp
2011-03-12T05:33:00Z,5.119,unknown,2011-03-12 05:33:00,valp
2011-03-12T05:54:00Z,5.12,unknown,2011-03-12 05:54:00,valp
2011-03-12T05:55:00Z,4.727,unknown,2011-03-12 05:55:00,valp
2011-03-12T05:56:00Z,4.275,unknown,2011-03-12 05:56:00,valp
2011-03-12T05:57:00Z,3.802,unknown,2011-03-12 05:57:00,valp
2011-03-12T05:58:00Z,3.519,unknown,2011-03-12 05:58:00,valp
2011-03-12T05:59:00Z,3.514,unknown,2011-03-12 05:59:00,valp
2011-03-12T06:00:00Z,3.697,unknown,2011-03-12 06:00:00,valp
2011-03-12T06:07:00Z,3.727,unknown,2011-03-12 06:07:00,valp
2011-03-12T06:08:00Z,4.131,unknown,2011-03-12 06:08:00,valp
2011-03-12T06:09:00Z,4.708,unknown,2011-03-12 06:09:00,valp
2011-03-12T06:10:00Z,5.285,unknown,2011-03-12 06:10:00,valp
2011-03-12T06:11:00Z,5.626,unknown,2011-03-12 06:11:00,valp
2011-03-12T06:12:00Z,5.529,unknown,2011-03-12 06:12:00,valp
2011-03-12T06:13:00Z,5.164,unknown,2011-03-12 06:13:00,valp
2011-03-12T06:14:00Z,4.924,unknown,2011-03-12 06:14:00,valp
2011-03-12T06:15:00Z,4.781,unknown,2011-03-12 06:15:00,valp
2011-03-12T06:16:00Z,4.888,unknown,2011-03-12 06:16:00,valp
2011-03-12T06:17:00Z,5.3,unknown,2011-03-12 06:17:00,valp
2011-03-12T06:18:00Z,5.805,unknown,2011-03-12 06:18:00,valp
2011-03-12T06:19:00Z,6.195,unknown,2011-03-12 06:19:00,valp
2011-03-12T06:20:00Z,6.222,unknown,2011-03-12 06:20:00,valp
2011-03-12T06:21:00Z,5.642,unknown,2011-03-12 06:21:00,valp
2011-03-12T06:22:00Z,5.056,unknown,2011-03-12 06:22:00,valp
2011-03-12T06:46:00Z,5.005,unknown,2011-03-12 06:46:00,valp
2011-03-12T06:47:00Z,5.443,unknown,2011-03-12 06:47:00,valp
2011-03-12T06:48:00Z,5.564,unknown,2011-03-12 06:48:00,valp
2011-03-12T06:49:00Z,5.37,unknown,2011-03-12 06:49:00,valp
2011-03-12T07:04:00Z,5.325,unknown,2011-03-12 07:04:00,valp
2011-03-12T07:05:00Z,5.722,unknown,2011-03-12 07:05:00,valp
2011-03-12T07:06:00Z,5.828,unknown,2011-03-12 07:06:00,valp
2011-03-12T07:07:00Z,5.518,unknown,2011-03-12 07:07:00,valp
2011-03-12T07:08:00Z,4.886,unknown,2011-03-12 07:08:00,valp
2011-03-12T07:09:00Z,4.22,unknown,2011-03-12 07:09:00,valp
2011-03-12T07:10:00Z,3.744,unknown,2011-03-12 07:10:00,valp
2011-03-12T07:11:00Z,4.199,unknown,2011-03-12 07:11:00,valp
2011-03-12T07:12:00Z,4.629,unknown,2011-03-12 07:12:00,valp
2011-03-12T07:19:00Z,4.502,unknown,2011-03-12 07:19:00,valp
2011-03-12T07:20:00Z,4.061,unknown,2011-03-12 07:20:00,valp
2011-03-12T07:21:00Z,3.683,unknown,2011-03-12 07:21:00,valp
2011-03-12T07:22:00Z,3.874,unknown,2011-03-12 07:22:00,valp
2011-03-12T07:23:00Z,4.202,unknown,2011-03-12 07:23:00,valp
2011-03-12T07:24:00Z,4.77,unknown,2011-03-12 07:24:00,valp
2011-03-12T07:25:00Z,5.282,unknown,2011-03-12 07:25:00,valp
2011-03-12T07:26:00Z,5.282,unknown,2011-03-12 07:26:00,valp
2011-03-12T07:27:00Z,5.479,unknown,2011-03-12 07:27:00,valp
2011-03-12T07:28:00Z,5.418,unknown,2011-03-12 07:28:00,valp
2011-03-12T07:29:00Z,5.027,unknown,2011-03-12 07:29:00,valp
2011-03-12T07:37:00Z,4.641,unknown,2011-03-12 07:37:00,valp
2011-03-12T07:38:00Z,4.282,unknown,2011-03-12 07:38:00,valp
2011-03-12T07:39:00Z,4.003,unknown,2011-03-12 07:39:00,valp
2011-03-12T07:40:00Z,3.965,unknown,2011-03-12 07:40:00,valp
2011-03-12T07:41:00Z,4.788,unknown,2011-03-12 07:41:00,valp
2011-03-12T07:42:00Z,5.483,unknown,2011-03-12 07:42:00,valp
2011-03-12T07:43:00Z,6.019,unknown,2011-03-12 07:43:00,valp
2011-03-12T07:44:00Z,6.076,unknown,2011-03-12 07:44:00,valp
2011-03-12T07:45:00Z,5.75,unknown,2011-03-12 07:45:00,valp
2011-03-12T07:46:00Z,5.75,unknown,2011-03-12 07:46:00,valp
2011-03-12T07:47:00Z,5.132,unknown,2011-03-12 07:47:00,valp
2011-03-12T08:04:00Z,4.53,unknown,2011-03-12 08:04:00,valp
2011-03-12T08:05:00Z,4.202,unknown,2011-03-12 08:05:00,valp
2011-03-12T08:06:00Z,4.144,unknown,2011-03-12 08:06:00,valp
2011-03-12T08:07:00Z,4.25,unknown,2011-03-12 08:07:00,valp
2011-03-12T08:08:00Z,4.511,unknown,2011-03-12 08:08:00,valp
2011-03-12T08:37:00Z,4.246,unknown,2011-03-12 08:37:00,valp
2011-03-12T08:38:00Z,4.573,unknown,2011-03-12 08:38:00,valp
2011-03-12T08:39:00Z,4.98,unknown,2011-03-12 08:39:00,valp
2011-03-12T08:40:00Z,5.36,unknown,2011-03-12 08:40:00,valp
2011-03-12T08:41:00Z,5.782,unknown,2011-03-12 08:41:00,valp
2011-03-12T08:42:00Z,5.997,unknown,2011-03-12 08:42:00,valp
2011-03-12T08:43:00Z,5.962,unknown,2011-03-12 08:43:00,valp
2011-03-12T08:44:00Z,5.463,unknown,2011-03-12 08:44:00,valp
2011-03-12T08:45:00Z,5.222,unknown,2011-03-12 08:45:00,valp
2011-03-12T08:46:00Z,4.846,unknown,2011-03-12 08:46:00,valp
2011-03-12T08:51:00Z,4.841,unknown,2011-03-12 08:51:00,valp
2011-03-12T09:55:00Z,5.473,unknown,2011-03-12 09:55:00,valp
2011-03-12T09:56:00Z,5.852,unknown,2011-03-12 09:56:00,valp
2011-03-12T09:57:00Z,6.039,unknown,2011-03-12 09:57:00,valp
2011-03-12T09:58:00Z,5.818,unknown,2011-03-12 09:58:00,valp
2011-03-12T09:59:00Z,5.393,unknown,2011-03-12 09:59:00,valp
2011-03-12T10:00:00Z,4.913,unknown,2011-03-12 10:00:00,valp
2011-03-12T10:01:00Z,4.41,unknown,2011-03-12 10:01:00,valp
2011-03-12T10:02:00Z,3.845,unknown,2011-03-12 10:02:00,valp
2011-03-12T10:13:00Z,3.829,unknown,2011-03-12 10:13:00,valp
2011-03-12T10:21:00Z,4.813,unknown,2011-03-12 10:21:00,valp
2011-03-12T10:29:00Z,4.243,unknown,2011-03-12 10:29:00,valp
2011-03-12T10:30:00Z,3.944,unknown,2011-03-12 10:30:00,valp
2011-03-12T10:31:00Z,4.213,unknown,2011-03-12 10:31:00,valp
2011-03-12T10:32:00Z,4.059,unknown,2011-03-12 10:32:00,valp
2011-03-12T10:33:00Z,4.363,unknown,2011-03-12 10:33:00,valp
2011-03-12T10:41:00Z,4.198,unknown,2011-03-12 10:41:00,valp
2011-03-12T10:51:00Z,4.99,unknown,2011-03-12 10:51:00,valp
2011-03-12T10:56:00Z,4.169,unknown,2011-03-12 10:56:00,valp
2011-03-12T11:09:00Z,4.85,unknown,2011-03-12 11:09:00,valp
2011-03-12T11:10:00Z,4.814,unknown,2011-03-12 11:10:00,valp
2011-03-12T11:11:00Z,5.064,unknown,2011-03-12 11:11:00,valp
2011-03-12T11:12:00Z,4.62,unknown,2011-03-12 11:12:00,valp
2011-03-12T11:18:00Z,4.162,unknown,2011-03-12 11:18:00,valp
2011-03-12T12:07:00Z,5.015,unknown,2011-03-12 12:07:00,valp
2011-03-12T12:08:00Z,4.677,unknown,2011-03-12 12:08:00,valp
2011-03-12T12:09:00Z,4.434,unknown,2011-03-12 12:09:00,valp
2011-03-12T12:10:00Z,4.485,unknown,2011-03-12 12:10:00,valp
2011-03-12T12:11:00Z,4.449,unknown,2011-03-12 12:11:00,valp
2011-03-12T12:12:00Z,4.145,unknown,2011-03-12 12:12:00,valp
2011-03-12T12:30:00Z,4.632,unknown,2011-03-12 12:30:00,valp
2011-03-12T12:31:00Z,4.131,unknown,2011-03-12 12:31:00,valp
2011-03-12T12:45:00Z,4.813,unknown,2011-03-12 12:45:00,valp
2011-03-12T12:46:00Z,5.169,unknown,2011-03-12 12:46:00,valp
2011-03-12T12:57:00Z,3.974,unknown,2011-03-12 12:57:00,valp
2011-03-12T12:58:00Z,3.608,unknown,2011-03-12 12:58:00,valp
2011-03-12T12:59:00Z,3.627,unknown,2011-03-12 12:59:00,valp
2011-03-12T13:00:00Z,3.947,unknown,2011-03-12 13:00:00,valp
2011-03-12T13:09:00Z,4.251,unknown,2011-03-12 13:09:00,valp
2011-03-12T13:26:00Z,3.987,unknown,2011-03-12 13:26:00,valp
2011-03-12T15:08:00Z,4.865,unknown,2011-03-12 15:08:00,valp
2011-03-12T15:35:00Z,4.609,unknown,2011-03-12 15:35:00,valp
2011-03-12T16:10:00Z,5.156,unknown,2011-03-12 16:10:00,valp
2011-03-12T16:37:00Z,4.532,unknown,2011-03-12 16:37:00,valp
2011-03-12T16:38:00Z,4.521,unknown,2011-03-12 16:38:00,valp
2011-03-12T16:39:00Z,4.451,unknown,2011-03-12 16:39:00,valp
2011-03-12T16:40:00Z,4.621,unknown,2011-03-12 16:40:00,valp
